[{"created":"2020-06-29T10:52:19.382155438-07:00","updated":"2020-06-29T10:52:19.382155438-07:00","type":"welcome","name":"Welcome Message","subject":"","message":"\u003cp\u003eHello,\u003c/p\u003e\n\n\u003cp\u003eWelcome to the ODIM-General@lists.odim.io group at Open Distributed Infrastructure Management. Please take a moment to review this message.\u003c/p\u003e\n\n\u003cp\u003eYou can visit your group, start reading messages and posting them here: \u003ca href=\"https://lists.odim.io/g/ODIM-General\"\u003ehttps://lists.odim.io/g/ODIM-General\u003c/a\u003e\u003c/p\u003e\n\n\u003cp\u003eThe email address for this group is: ODIM-General@lists.odim.io. Because our system allows for participants to post via web or email, you can use this email to post new topics.\u003c/p\u003e\n\n\u003cp\u003eBut most importantly, please add this email address to your safe sender list in your email client’s contacts.\u003c/p\u003e\n\n\u003cp\u003eMailing list for enrollment and general questions\u003c/p\u003e\n\n\u003cp\u003eYou can set your subscription settings here: \u003ca href=\"https://lists.odim.io/g/ODIM-General/editsub\"\u003ehttps://lists.odim.io/g/ODIM-General/editsub\u003c/a\u003e. You can opt to receive:\nall messages in individual emails, collections of messages in a digest, a daily summary, or only special notices.\u003c/p\u003e\n\n\u003cp\u003eIf you do not wish to belong to this group, you may unsubscribe by sending an email to: ODIM-General+unsubscribe@lists.odim.io\u003c/p\u003e\n\n\u003cp\u003eTo see and modify all of your groups, go to https://lists.odim.io\u003c/p\u003e\n\u003cbr\u003e\n\u003cp\u003eRegards,\u003c/p\u003e\n\u003cp\u003eThe ODIM-General@lists.odim.io Moderator\u003c/p\u003e\n","format":"html","is_default":true,"send_monthly":false,"send_monthly_special":false,"send_on_join":false,"private":false,"email_subject":""}]
