{"id":72962,"object":"group","created":"2020-06-16T11:46:22.4273816-07:00","updated":"2024-08-05T06:00:05.082250143-07:00","type":"group_type_messages","title":"","name":"lf-ODIM","nice_group_name":"","alias":"main","desc":"Parent for all \u003cstrong\u003eOpen Distributed Infrastructure Management (ODIM)\u003c/strong\u003e lists.\u003cbr /\u003e\u003cbr /\u003e\r\n\u003cul\u003e\r\n\u003cli\u003e\u003cspan style=\"color: #222222; font-family: Arial, Helvetica, sans-serif; font-size: small;\"\u003eIf you are interested in participating in our technical community, please join our technical discussion groups\u0026nbsp;\u003ca href=\"https://lists.odim.io/g/odim-tsc\" target=\"_blank\" rel=\"noopener\"\u003eTSC\u003c/a\u003e\u003c/span\u003e\u003c/li\u003e\r\n\u003c/ul\u003e\r\n\u003cstrong\u003e\u003cbr /\u003eAbout the project-\u003c/strong\u003e\u003cbr /\u003e\r\n\u003cp class=\"MsoNormal\"\u003e\u003cspan style=\"font-family: arial, helvetica, sans-serif;\"\u003eEmerging computing environments require deployment of IT compute, storage and networking resources from multiple vendors, across thousands of geographically distributed locations. Customers are demanding highly automated, open and scalable solutions for their multi-vendor IT infrastructure, based on widely adopted industry standards, that would enable them to deal with management complexity of their diverse infrastructure resources in a consistent, coherent and reliable way.\u003c/span\u003e\u003c/p\u003e\r\n\u003cp class=\"MsoNormal\"\u003e\u003cspan style=\"font-family: arial, helvetica, sans-serif;\"\u003eManagement of such geographically distributed, decentralized and heterogeneous multi-vendor infrastructure requires complex life-cycle and closed loop management operations, across groups of 100\u0026rsquo;s, 1000\u0026rsquo;s or even 10,000\u0026rsquo;s of infrastructure resources at a time. But today, we have a proliferation of Infrastructure Management APIs, with inconsistencies in how hardware capabilities are discovered, consumed and managed across compute, storage, networking and vendor implementations. All of which adds operational and interoperability issues\u0026nbsp; leading to unsustainable increases in complexity and cost.\u003c/span\u003e\u003cbr /\u003e\u003cbr /\u003e\u003c/p\u003e\r\n\u003cspan style=\"font-size: 11pt; font-family: arial, helvetica, sans-serif;\"\u003eThe ODIM community is a bold collaborative open source initiative to bring together a critical mass of infrastructure management and orchestration stakeholders to define and execute collaborative work focused on creating new critical open source building blocks, in areas such as composition, aggregation and telemetry, define new models and APIs, as well as influence key extensions to the\u0026nbsp;DMTF Redfish\u0026reg; specifications that ODIM builds upon. This community will coordinate with other key SDOs and open source communities, with a focus on automation, simplification, consistency and interoperability of COTS and OSS infrastructure management solutions resulting in accelerating infrastructure deployments across segments, while lowering operational complexity and cost.\u003cbr /\u003e\u003cbr /\u003e\u003cbr /\u003e\u003c/span\u003e","plain_desc":"Parent for all Open Distributed Infrastructure Management (ODIM) lists.\n\n\n\nIf you are interested in participating in our technical community, please join our technical discussion groups TSC\n\n\nAbout the project-\n\n\n\nEmerging computing environments require deployment of IT compute, storage and networking resources from multiple vendors, across thousands of geographically distributed locations. Customers are demanding highly automated, open and scalable solutions for their multi-vendor IT infrastructure, based on widely adopted industry standards, that would enable them to deal with management complexity of their diverse infrastructure resources in a consistent, coherent and reliable way.\n\n\nManagement of such geographically distributed, decentralized and heterogeneous multi-vendor infrastructure requires complex life-cycle and closed loop management operations, across groups of 100’s, 1000’s or even 10,000’s of infrastructure resources at a time. But today, we have a proliferation of Infrastructure Management APIs, with inconsistencies in how hardware capabilities are discovered, consumed and managed across compute, storage, networking and vendor implementations. All of which adds operational and interoperability issues  leading to unsustainable increases in complexity and cost.\n\nThe ODIM community is a bold collaborative open source initiative to bring together a critical mass of infrastructure management and orchestration stakeholders to define and execute collaborative work focused on creating new critical open source building blocks, in areas such as composition, aggregation and telemetry, define new models and APIs, as well as influence key extensions to the DMTF Redfish® specifications that ODIM builds upon. This community will coordinate with other key SDOs and open source communities, with a focus on automation, simplification, consistency and interoperability of COTS and OSS infrastructure management solutions resulting in accelerating infrastructure deployments across segments, while lowering operational complexity and cost.","subject_tag":"[lf-ODIM]","footer":"","website":"","announce":true,"moderation":"moderated","new_users_moderated":true,"unmoderate_users_after":2,"restricted":false,"allow_non_subs_to_post":false,"force_html_emails":false,"normalize_html_emails":false,"reply_to":"group_reply_to_sender","remove_other_reply_options":false,"privacy":"group_privacy_unlisted_public","seperate_footers":false,"allow_downloads":"allow_downloads_by_members","members_visible":"group_view_members_moderators","sub_group_access":"sub_group_subs","calendar_access":"group_access_none","files_access":"group_access_none","database_access":"group_access_none","wiki_access":"group_access_none","photos_access":"group_access_limited","member_directory_access":"group_access_moderators_only","polls_access":"polls_access_none","chat_access":"group_access_none","handle_attachments":"group_attachments_normal","plain_text_only":false,"handle_virus":"handle_virus_block","locked":false,"plan":"group_plan_enterprise","trial_group":false,"has_cover_photo":true,"has_icon":false,"parent_group_id":0,"org_id":153,"max_photo_size_email":"max_photo_size_none","max_photo_size_photos":"max_photo_size_none","max_photo_size_databases":"max_photo_size_none","max_photo_size_wiki_images":"max_photo_size_none","hash_tags_required":false,"hash_tag_permissions":"hash_tag_create_subs","bounce_attachments":false,"allow_photos_in_files":false,"allow_reposts":false,"min_days_between_reposts":0,"max_number_of_reposts":0,"email_delivery_default":"email_delivery_single","message_selection_default":"message_selection_all","auto_follow_replies_default":false,"max_attachment_size_default":"max_attachment_size_unlimited","default_color":"color_none","default_timezone":"UTC","default_time_pref":"standard_time","default_date_pref":"us_date","default_monday_start":false,"disable_edits":false,"disable_no_email":false,"auto_close_threads":false,"close_threads_after":0,"auto_moderate_threads":false,"moderate_threads_after":0,"sticky_wiki_page_id":0,"sub_group_categoryid":0,"subs_count":75,"open_chats_count":0,"threads_count":1,"messages_count":1,"org_domain":"","most_recent_message":"2022-08-11T15:07:49.671973982-07:00","cover_photo_url":"","icon_url":"","group_url":"","allow_parent_subs_to_post":false,"send_event_summaries":false,"event_summary_schedule":"event_summary_weekly_friday","send_invites_on_join":false,"email_address":"main@lists.odim.io"}
