[{"created":"2020-06-16T11:46:22.431739331-07:00","updated":"2020-06-16T12:43:34.545730071-07:00","type":"welcome","name":"Welcome Message","subject":"Welcome to main@lists.odim.io","message":"\u003cp\u003eHello,\u003c/p\u003e\r\n\u003cp\u003eWelcome to the main@lists.odim.io group at Open Distributed Infrastructure Management. Please take a moment to review this message.\u003c/p\u003e\r\n\u003cp\u003eYou can visit your group, start reading messages and posting them here: \u003ca href=\"https://lists.odim.io/g/main\"\u003ehttps://lists.odim.io/g/main\u003c/a\u003e\u003c/p\u003e\r\n\u003cp\u003eThe email address for this group is: main@lists.odim.io. Because our system allows for participants to post via web or email, you can use this email to post new topics.\u003c/p\u003e\r\n\u003cp\u003eBut most importantly, please add this email address to your safe sender list in your email client\u0026rsquo;s contacts.\u003c/p\u003e\r\n\u003cp\u003eParent for all Open Distributed Infrastructure Management lists.\u003c/p\u003e\r\n\u003cp\u003eYou can set your subscription settings here: \u003ca href=\"https://lists.odim.io/g/main/editsub\"\u003ehttps://lists.odim.io/g/main/editsub\u003c/a\u003e. You can opt to receive: all messages in individual emails, collections of messages in a digest, a daily summary, or only special notices.\u003c/p\u003e\r\n\u003cp\u003eIf you do not wish to belong to this group, you may unsubscribe by sending an email to: main+unsubscribe@lists.odim.io\u003c/p\u003e\r\n\u003cp\u003eTo see and modify all of your groups, go to https://lists.odim.io\u003c/p\u003e\r\n\u003cbr /\u003e\r\n\u003cp\u003eRegards,\u003c/p\u003e\r\n\u003cp\u003eThe main@lists.odim.io Moderator\u003c/p\u003e","format":"html","is_default":true,"send_monthly":false,"send_monthly_special":false,"send_on_join":false,"private":false,"email_subject":""}]
