[{"id":1034205,"object":"past_member","created":"2021-03-23T00:13:00.181134704-07:00","action":"deleted_account","member_info":{"id":8758863,"object":"member_info","created":"2020-08-19T14:27:30.743371265-07:00","updated":"2020-08-19T14:27:30.743371265-07:00","user_id":556964,"group_id":72962,"group_name":"lf-ODIM","status":"sub_status_normal","post_status":"sub_poststatus_newusermoderated","email_delivery":"email_delivery_single","message_selection":"message_selection_all","auto_follow_replies":false,"max_attachment_size":"max_attachment_size_unlimited","approved_posts":0,"mod_status":"sub_modstatus_none","pending_msg_notify":"sub_notify_email_and_app","pending_sub_notify":"sub_notify_email_and_app","sub_notify":"sub_notify_email_and_app","storage_notify":"sub_notify_email_and_app","sub_group_notify":"sub_notify_email_and_app","message_report_notify":"sub_notify_email_and_app","account_notify":"sub_notify_email_and_app","mod_permissions":"","owner_msg_notify":"sub_ownermsg_notify_subs","chat_notify":"sub_notify_email_and_app","photo_notify":"sub_notify_email_and_app","file_notify":"sub_notify_email_and_app","wiki_notify":"sub_notify_email_and_app","database_notify":"sub_notify_email_and_app","email":"sebastian@loodse.com","user_status":"user_status_confirmed","user_name":"","timezone":"","full_name":"Sebastian Scheele","about_me":"","location":"","website":"","profile_privacy":"profile_private","dont_munge_message_id":false,"use_signature":false,"use_signature_email":false,"signature":"","cover_photo_url":"","icon_url":"","nice_group_name":"","subs_count":0,"most_recent_message":"0001-01-01T00:00:00Z"}},{"id":1124545,"object":"past_member","created":"2021-05-25T12:36:21.800292588-07:00","action":"left","member_info":{"id":8607774,"object":"member_info","created":"2020-07-09T07:48:01.835826941-07:00","updated":"2020-07-13T11:02:00.678773353-07:00","user_id":4803956,"group_id":72962,"group_name":"lf-ODIM","status":"sub_status_normal","post_status":"sub_poststatus_newusermoderated","email_delivery":"email_delivery_single","message_selection":"message_selection_all","auto_follow_replies":false,"max_attachment_size":"max_attachment_size_unlimited","approved_posts":0,"mod_status":"sub_modstatus_none","pending_msg_notify":"sub_notify_email_and_app","pending_sub_notify":"sub_notify_email_and_app","sub_notify":"sub_notify_email_and_app","storage_notify":"sub_notify_email_and_app","sub_group_notify":"sub_notify_email_and_app","message_report_notify":"sub_notify_email_and_app","account_notify":"sub_notify_email_and_app","mod_permissions":"","owner_msg_notify":"sub_ownermsg_notify_subs","chat_notify":"sub_notify_email_and_app","photo_notify":"sub_notify_email_and_app","file_notify":"sub_notify_email_and_app","wiki_notify":"sub_notify_email_and_app","database_notify":"sub_notify_email_and_app","email":"wcabanba@redhat.com","user_status":"user_status_confirmed","user_name":"","timezone":"America/Los_Angeles","full_name":"William Caban Babilonia","about_me":"","location":"","website":"","profile_privacy":"profile_private","dont_munge_message_id":false,"use_signature":false,"use_signature_email":false,"signature":"","cover_photo_url":"","icon_url":"","nice_group_name":"","subs_count":0,"most_recent_message":"0001-01-01T00:00:00Z"}},{"id":2106496,"object":"past_member","created":"2023-06-20T07:02:02.090722151-07:00","action":"left","member_info":{"id":8564177,"object":"member_info","created":"2020-06-30T08:02:33.573438426-07:00","updated":"2021-04-12T04:29:50.458172278-07:00","user_id":4778684,"group_id":72962,"group_name":"lf-ODIM","status":"sub_status_normal","post_status":"sub_poststatus_newusermoderated","email_delivery":"email_delivery_single","message_selection":"message_selection_all","auto_follow_replies":false,"max_attachment_size":"max_attachment_size_unlimited","approved_posts":0,"mod_status":"sub_modstatus_none","pending_msg_notify":"sub_notify_email_and_app","pending_sub_notify":"sub_notify_email_and_app","sub_notify":"sub_notify_email_and_app","storage_notify":"sub_notify_email_and_app","sub_group_notify":"sub_notify_email_and_app","message_report_notify":"sub_notify_email_and_app","account_notify":"sub_notify_email_and_app","mod_permissions":"","owner_msg_notify":"sub_ownermsg_notify_subs","chat_notify":"sub_notify_email_and_app","photo_notify":"sub_notify_email_and_app","file_notify":"sub_notify_email_and_app","wiki_notify":"sub_notify_email_and_app","database_notify":"sub_notify_email_and_app","email":"sebastian@kubermatic.com","user_status":"user_status_confirmed","user_name":"","timezone":"UTC","full_name":"Sebastian Scheele","about_me":"","location":"","website":"","profile_privacy":"profile_private","dont_munge_message_id":false,"use_signature":false,"use_signature_email":false,"signature":"","cover_photo_url":"","icon_url":"","nice_group_name":"","subs_count":0,"most_recent_message":"0001-01-01T00:00:00Z"}},{"id":2453024,"object":"past_member","created":"2024-02-05T10:36:24.286743663-08:00","action":"left","member_info":{"id":8558302,"object":"member_info","created":"2020-06-29T08:26:20.253853829-07:00","updated":"2023-02-17T12:36:59.289927195-08:00","user_id":715880,"group_id":72962,"group_name":"lf-ODIM","status":"sub_status_normal","post_status":"sub_poststatus_newusermoderated","email_delivery":"email_delivery_single","message_selection":"message_selection_all","auto_follow_replies":false,"max_attachment_size":"max_attachment_size_unlimited","approved_posts":0,"mod_status":"sub_modstatus_moderator","pending_msg_notify":"sub_notify_email_and_app","pending_sub_notify":"sub_notify_email_and_app","sub_notify":"sub_notify_email_and_app","storage_notify":"sub_notify_email_and_app","sub_group_notify":"sub_notify_email_and_app","message_report_notify":"sub_notify_email_and_app","account_notify":"sub_notify_email_and_app","mod_permissions":"sub_perm_pendingmsg,sub_perm_pendingmembers,sub_perm_invitemembers,sub_perm_removemembers,sub_perm_banmembers,sub_perm_managehashtags,sub_perm_modsub,sub_perm_editarchives","owner_msg_notify":"sub_ownermsg_notify_subs","chat_notify":"sub_notify_email_and_app","photo_notify":"sub_notify_email_and_app","file_notify":"sub_notify_email_and_app","wiki_notify":"sub_notify_email_and_app","database_notify":"sub_notify_email_and_app","email":"kpaul@linuxfoundation.org","user_status":"user_status_confirmed","user_name":"KennyPaul","timezone":"America/Los_Angeles","full_name":"Kenny Paul","about_me":"\u003cspan style=\"font-weight: bold;\"\u003e\u003cspan style=\"font-size: 10pt; font-family: Verdana, sans-serif; color: black;\"\u003eKenny Paul, \u003cbr /\u003e\u003c/span\u003e\u003c/span\u003e\u003cspan style=\"font-size: 10pt; font-family: Verdana, sans-serif; color: black;\"\u003eDirector, Technical Operations, Linux Foundation Networking\u003c/span\u003e\u003cspan style=\"font-weight: bold;\"\u003e\u003cspan style=\"font-size: 10pt; font-family: Verdana, sans-serif; color: black;\"\u003e\u003cbr /\u003e\u003c/span\u003e\u003c/span\u003e\u003cspan style=\"font-size: 10pt; font-family: Verdana, sans-serif;\"\u003e\u003cspan style=\"color: #000000;\"\u003ePacific Time Zone\u003c/span\u003e\u003c/span\u003e","location":"San Francisco Bay Area","website":"https://lfnetworking.org","profile_photo_url":"https://s3-us-west-1.amazonaws.com/groupsiotestprofilephotos/profilephoto.715880?AWSAccessKeyId=AKIAJECNKOVMCCU3ATNQ\u0026Expires=1722873572\u0026Signature=qdEXQR5g4phkQvswx9JIV5hQ9lo%3D","profile_privacy":"profile_members","dont_munge_message_id":false,"use_signature":false,"use_signature_email":false,"signature":"","cover_photo_url":"","icon_url":"","nice_group_name":"","subs_count":0,"most_recent_message":"0001-01-01T00:00:00Z"}},{"id":2488095,"object":"past_member","created":"2024-02-28T22:45:53.593600838-08:00","action":"left","member_info":{"id":10943209,"object":"member_info","created":"2021-12-26T21:54:24.275857614-08:00","updated":"2022-01-18T08:31:47.80629104-08:00","user_id":6650072,"group_id":72962,"group_name":"lf-ODIM","status":"sub_status_normal","post_status":"sub_poststatus_newusermoderated","email_delivery":"email_delivery_single","message_selection":"message_selection_all","auto_follow_replies":false,"max_attachment_size":"max_attachment_size_unlimited","approved_posts":0,"mod_status":"sub_modstatus_none","pending_msg_notify":"sub_notify_email_and_app","pending_sub_notify":"sub_notify_email_and_app","sub_notify":"sub_notify_email_and_app","storage_notify":"sub_notify_email_and_app","sub_group_notify":"sub_notify_email_and_app","message_report_notify":"sub_notify_email_and_app","account_notify":"sub_notify_email_and_app","mod_permissions":"","owner_msg_notify":"sub_ownermsg_notify_subs","chat_notify":"sub_notify_email_and_app","photo_notify":"sub_notify_email_and_app","file_notify":"sub_notify_email_and_app","wiki_notify":"sub_notify_email_and_app","database_notify":"sub_notify_email_and_app","email":"vikas.jain@intel.com","user_status":"user_status_confirmed","user_name":"","timezone":"Asia/Kolkata","full_name":"Jain, Vikas","about_me":"","location":"","website":"","profile_privacy":"profile_private","dont_munge_message_id":false,"use_signature":false,"use_signature_email":false,"signature":"","cover_photo_url":"","icon_url":"","nice_group_name":"","subs_count":0,"most_recent_message":"0001-01-01T00:00:00Z"}}]
