[{"id":1034201,"object":"past_member","created":"2021-03-23T00:12:58.668540082-07:00","action":"deleted_account","member_info":{"id":9133092,"object":"member_info","created":"2020-11-02T07:13:06.835520422-08:00","updated":"2020-11-02T07:13:06.835520422-08:00","user_id":556964,"group_id":81318,"group_name":"lf-ODIM+ODIM-development","status":"sub_status_normal","post_status":"sub_poststatus_normal","email_delivery":"email_delivery_single","message_selection":"message_selection_all","auto_follow_replies":false,"max_attachment_size":"max_attachment_size_unlimited","approved_posts":0,"mod_status":"sub_modstatus_none","pending_msg_notify":"sub_notify_email_and_app","pending_sub_notify":"sub_notify_email_and_app","sub_notify":"sub_notify_email_and_app","storage_notify":"sub_notify_email_and_app","sub_group_notify":"sub_notify_email_and_app","message_report_notify":"sub_notify_email_and_app","account_notify":"sub_notify_email_and_app","mod_permissions":"","owner_msg_notify":"sub_ownermsg_notify_subs","chat_notify":"sub_notify_email_and_app","photo_notify":"sub_notify_email_and_app","file_notify":"sub_notify_email_and_app","wiki_notify":"sub_notify_email_and_app","database_notify":"sub_notify_email_and_app","email":"sebastian@loodse.com","user_status":"user_status_confirmed","user_name":"","timezone":"","full_name":"Sebastian Scheele","about_me":"","location":"","website":"","profile_privacy":"profile_private","dont_munge_message_id":false,"use_signature":false,"use_signature_email":false,"signature":"","cover_photo_url":"","icon_url":"","nice_group_name":"","subs_count":0,"most_recent_message":"0001-01-01T00:00:00Z"}},{"id":1124547,"object":"past_member","created":"2021-05-25T12:36:21.958127397-07:00","action":"left","member_info":{"id":9133113,"object":"member_info","created":"2020-11-02T07:13:07.648319685-08:00","updated":"2020-11-02T07:13:07.648319685-08:00","user_id":4803956,"group_id":81318,"group_name":"lf-ODIM+ODIM-development","status":"sub_status_normal","post_status":"sub_poststatus_normal","email_delivery":"email_delivery_single","message_selection":"message_selection_all","auto_follow_replies":false,"max_attachment_size":"max_attachment_size_unlimited","approved_posts":0,"mod_status":"sub_modstatus_none","pending_msg_notify":"sub_notify_email_and_app","pending_sub_notify":"sub_notify_email_and_app","sub_notify":"sub_notify_email_and_app","storage_notify":"sub_notify_email_and_app","sub_group_notify":"sub_notify_email_and_app","message_report_notify":"sub_notify_email_and_app","account_notify":"sub_notify_email_and_app","mod_permissions":"","owner_msg_notify":"sub_ownermsg_notify_subs","chat_notify":"sub_notify_email_and_app","photo_notify":"sub_notify_email_and_app","file_notify":"sub_notify_email_and_app","wiki_notify":"sub_notify_email_and_app","database_notify":"sub_notify_email_and_app","email":"wcabanba@redhat.com","user_status":"user_status_confirmed","user_name":"","timezone":"America/Los_Angeles","full_name":"William Caban Babilonia","about_me":"","location":"","website":"","profile_privacy":"profile_private","dont_munge_message_id":false,"use_signature":false,"use_signature_email":false,"signature":"","cover_photo_url":"","icon_url":"","nice_group_name":"","subs_count":0,"most_recent_message":"0001-01-01T00:00:00Z"}},{"id":2106498,"object":"past_member","created":"2023-06-20T07:02:02.349340353-07:00","action":"left","member_info":{"id":9133150,"object":"member_info","created":"2020-11-02T07:13:08.902128917-08:00","updated":"2021-04-12T04:29:50.542970846-07:00","user_id":4778684,"group_id":81318,"group_name":"lf-ODIM+ODIM-development","status":"sub_status_normal","post_status":"sub_poststatus_normal","email_delivery":"email_delivery_single","message_selection":"message_selection_all","auto_follow_replies":false,"max_attachment_size":"max_attachment_size_unlimited","approved_posts":0,"mod_status":"sub_modstatus_none","pending_msg_notify":"sub_notify_email_and_app","pending_sub_notify":"sub_notify_email_and_app","sub_notify":"sub_notify_email_and_app","storage_notify":"sub_notify_email_and_app","sub_group_notify":"sub_notify_email_and_app","message_report_notify":"sub_notify_email_and_app","account_notify":"sub_notify_email_and_app","mod_permissions":"","owner_msg_notify":"sub_ownermsg_notify_subs","chat_notify":"sub_notify_email_and_app","photo_notify":"sub_notify_email_and_app","file_notify":"sub_notify_email_and_app","wiki_notify":"sub_notify_email_and_app","database_notify":"sub_notify_email_and_app","email":"sebastian@kubermatic.com","user_status":"user_status_confirmed","user_name":"","timezone":"UTC","full_name":"Sebastian Scheele","about_me":"","location":"","website":"","profile_privacy":"profile_private","dont_munge_message_id":false,"use_signature":false,"use_signature_email":false,"signature":"","cover_photo_url":"","icon_url":"","nice_group_name":"","subs_count":0,"most_recent_message":"0001-01-01T00:00:00Z"}},{"id":2453028,"object":"past_member","created":"2024-02-05T10:36:24.594392616-08:00","action":"left","member_info":{"id":9133083,"object":"member_info","created":"2020-11-02T07:13:06.512304139-08:00","updated":"2022-10-20T11:10:59.583988313-07:00","user_id":715880,"group_id":81318,"group_name":"lf-ODIM+ODIM-development","status":"sub_status_normal","post_status":"sub_poststatus_normal","email_delivery":"email_delivery_none","message_selection":"message_selection_all","auto_follow_replies":false,"max_attachment_size":"max_attachment_size_unlimited","approved_posts":0,"mod_status":"sub_modstatus_none","pending_msg_notify":"sub_notify_email_and_app","pending_sub_notify":"sub_notify_email_and_app","sub_notify":"sub_notify_email_and_app","storage_notify":"sub_notify_email_and_app","sub_group_notify":"sub_notify_email_and_app","message_report_notify":"sub_notify_email_and_app","account_notify":"sub_notify_email_and_app","mod_permissions":"","owner_msg_notify":"sub_ownermsg_notify_subs","chat_notify":"sub_notify_email_and_app","photo_notify":"sub_notify_email_and_app","file_notify":"sub_notify_email_and_app","wiki_notify":"sub_notify_email_and_app","database_notify":"sub_notify_email_and_app","email":"kpaul@linuxfoundation.org","user_status":"user_status_confirmed","user_name":"KennyPaul","timezone":"America/Los_Angeles","full_name":"Kenny Paul","about_me":"\u003cspan style=\"font-weight: bold;\"\u003e\u003cspan style=\"font-size: 10pt; font-family: Verdana, sans-serif; color: black;\"\u003eKenny Paul, \u003cbr /\u003e\u003c/span\u003e\u003c/span\u003e\u003cspan style=\"font-size: 10pt; font-family: Verdana, sans-serif; color: black;\"\u003eDirector, Technical Operations, Linux Foundation Networking\u003c/span\u003e\u003cspan style=\"font-weight: bold;\"\u003e\u003cspan style=\"font-size: 10pt; font-family: Verdana, sans-serif; color: black;\"\u003e\u003cbr /\u003e\u003c/span\u003e\u003c/span\u003e\u003cspan style=\"font-size: 10pt; font-family: Verdana, sans-serif;\"\u003e\u003cspan style=\"color: #000000;\"\u003ePacific Time Zone\u003c/span\u003e\u003c/span\u003e","location":"San Francisco Bay Area","website":"https://lfnetworking.org","profile_photo_url":"https://s3-us-west-1.amazonaws.com/groupsiotestprofilephotos/profilephoto.715880?AWSAccessKeyId=AKIAJECNKOVMCCU3ATNQ\u0026Expires=1722873587\u0026Signature=%2BAomJCfUBkOfqAfllYtv01WDm9Q%3D","profile_privacy":"profile_members","dont_munge_message_id":false,"use_signature":false,"use_signature_email":false,"signature":"","cover_photo_url":"","icon_url":"","nice_group_name":"","subs_count":0,"most_recent_message":"0001-01-01T00:00:00Z"}}]
