{"id":73385,"object":"group","created":"2020-06-25T08:13:31.293611562-07:00","updated":"2024-08-05T06:00:05.029223026-07:00","type":"group_type_messages","title":"","name":"lf-ODIM+odim-tsc","nice_group_name":"","alias":"","desc":"\u003cp\u003e\u003cspan style=\"font-size: 11.0pt; font-family: 'Calibri',sans-serif; mso-fareast-font-family: 'Times New Roman'; mso-ansi-language: EN-US; mso-fareast-language: EN-US; mso-bidi-language: AR-SA;\"\u003eUsed for technical discussion for all members. Can be used for signup/joining\u003c/span\u003e\u003c/p\u003e","plain_desc":"Used for technical discussion for all members. Can be used for signup/joining","subject_tag":"[odim-tsc]","footer":"","website":"","announce":false,"moderation":"no_moderation","new_users_moderated":true,"unmoderate_users_after":1,"restricted":false,"allow_non_subs_to_post":false,"force_html_emails":false,"normalize_html_emails":false,"reply_to":"group_reply_to_group","remove_other_reply_options":false,"privacy":"sub_group_privacy_none","seperate_footers":false,"allow_downloads":"allow_downloads_by_members","members_visible":"group_view_members_moderators","sub_group_access":"sub_group_subs","calendar_access":"group_access_limited","files_access":"group_access_limited","database_access":"group_access_limited","wiki_access":"group_access_limited","photos_access":"group_access_limited","member_directory_access":"group_access_limited","polls_access":"polls_access_subscribers","chat_access":"group_access_limited","handle_attachments":"group_attachments_normal","plain_text_only":false,"handle_virus":"handle_virus_block","locked":false,"plan":"group_plan_enterprise","trial_group":false,"has_cover_photo":true,"has_icon":false,"parent_group_id":72962,"org_id":153,"max_photo_size_email":"max_photo_size_none","max_photo_size_photos":"max_photo_size_none","max_photo_size_databases":"max_photo_size_none","max_photo_size_wiki_images":"max_photo_size_none","hash_tags_required":false,"hash_tag_permissions":"hash_tag_create_subs","bounce_attachments":false,"allow_photos_in_files":false,"allow_reposts":false,"min_days_between_reposts":0,"max_number_of_reposts":0,"email_delivery_default":"email_delivery_single","message_selection_default":"message_selection_all","auto_follow_replies_default":false,"max_attachment_size_default":"max_attachment_size_unlimited","default_color":"color_none","default_timezone":"UTC","default_time_pref":"standard_time","default_date_pref":"us_date","default_monday_start":false,"disable_edits":false,"disable_no_email":false,"auto_close_threads":false,"close_threads_after":0,"auto_moderate_threads":false,"moderate_threads_after":0,"sticky_wiki_page_id":0,"sub_group_categoryid":0,"subs_count":51,"open_chats_count":0,"threads_count":370,"messages_count":556,"org_domain":"","most_recent_message":"2024-02-05T11:40:15.822638017-08:00","cover_photo_url":"","icon_url":"","group_url":"","allow_parent_subs_to_post":false,"send_event_summaries":false,"event_summary_schedule":"event_summary_weekly_friday","send_invites_on_join":false,"email_address":"odim-tsc@lists.odim.io"}
