[
   {
      "id": 118785,
      "object": "hashtag",
      "created": "2020-07-13T12:45:48.986970615-07:00",
      "group_id": 73385,
      "name": "poll-notice",
      "mods_only_post": false,
      "mods_only_replies": false,
      "no_email": false,
      "moderated": false,
      "special": false,
      "replies_unmoderated": false,
      "locked": false,
      "until": "hashtag_delete_forever",
      "close_instead_of_delete": false,
      "description": "",
      "color_name": "cerulean-blue",
      "color_hex": "#4191d6",
      "reply_to": "thread_reply_group_default",
      "topic_count": 1,
      "last_message_date": "2020-07-13T12:45:48.986249164-07:00",
      "muted": null,
      "followed": null
   },
   {
      "id": 122818,
      "object": "hashtag",
      "created": "2020-08-02T17:11:33.624337587-07:00",
      "group_id": 73385,
      "name": "buildoptimize",
      "mods_only_post": false,
      "mods_only_replies": false,
      "no_email": false,
      "moderated": false,
      "special": false,
      "replies_unmoderated": false,
      "locked": false,
      "until": "hashtag_delete_forever",
      "close_instead_of_delete": false,
      "description": "Tag for Build Optimization related discussions and suggestions",
      "color_name": "orange",
      "color_hex": "#faa849",
      "reply_to": "thread_reply_group_default",
      "topic_count": 1,
      "last_message_date": "2020-08-03T05:14:26.021775668-07:00",
      "muted": null,
      "followed": null
   },
   {
      "id": 155317,
      "object": "hashtag",
      "created": "2021-02-01T13:41:47.740315948-08:00",
      "group_id": 73385,
      "name": "all",
      "mods_only_post": false,
      "mods_only_replies": false,
      "no_email": false,
      "moderated": false,
      "special": false,
      "replies_unmoderated": false,
      "locked": false,
      "until": "hashtag_delete_forever",
      "close_instead_of_delete": false,
      "description": "",
      "color_name": "cerulean-blue",
      "color_hex": "#4191d6",
      "reply_to": "thread_reply_group_default",
      "topic_count": 0,
      "last_message_date": "2021-02-01T13:41:47.740003687-08:00",
      "muted": null,
      "followed": null
   },
   {
      "id": 196184,
      "object": "hashtag",
      "created": "2021-11-16T12:48:54.758204928-08:00",
      "group_id": 73385,
      "name": "cal-invite",
      "mods_only_post": false,
      "mods_only_replies": false,
      "no_email": false,
      "moderated": false,
      "special": false,
      "replies_unmoderated": false,
      "locked": false,
      "until": "hashtag_delete_forever",
      "close_instead_of_delete": false,
      "description": "",
      "color_name": "cerulean-blue",
      "color_hex": "#4191d6",
      "reply_to": "thread_reply_group_default",
      "topic_count": 8,
      "last_message_date": "2023-05-23T07:08:35.168964124-07:00",
      "muted": null,
      "followed": null
   },
   {
      "id": 199562,
      "object": "hashtag",
      "created": "2021-12-15T07:20:01.594351865-08:00",
      "group_id": 73385,
      "name": "cal-reminder",
      "mods_only_post": false,
      "mods_only_replies": false,
      "no_email": false,
      "moderated": false,
      "special": false,
      "replies_unmoderated": false,
      "locked": false,
      "until": "hashtag_delete_forever",
      "close_instead_of_delete": false,
      "description": "",
      "color_name": "cerulean-blue",
      "color_hex": "#4191d6",
      "reply_to": "thread_reply_group_default",
      "topic_count": 89,
      "last_message_date": "2023-09-18T07:00:02.841490948-07:00",
      "muted": null,
      "followed": null
   },
   {
      "id": 202122,
      "object": "hashtag",
      "created": "2022-01-05T08:30:25.775613319-08:00",
      "group_id": 73385,
      "name": "cal-cancelled",
      "mods_only_post": false,
      "mods_only_replies": false,
      "no_email": false,
      "moderated": false,
      "special": false,
      "replies_unmoderated": false,
      "locked": false,
      "until": "hashtag_delete_forever",
      "close_instead_of_delete": false,
      "description": "",
      "color_name": "cerulean-blue",
      "color_hex": "#4191d6",
      "reply_to": "thread_reply_group_default",
      "topic_count": 1,
      "last_message_date": "2022-01-05T08:30:25.775046717-08:00",
      "muted": null,
      "followed": null
   }
]