[{"id":686591,"object":"past_member","created":"2020-08-05T02:20:06.571416387-07:00","action":"left","member_info":{"id":8558975,"object":"member_info","created":"2020-06-29T10:56:13.695565412-07:00","updated":"2020-07-07T16:54:02.445384886-07:00","user_id":1894148,"group_id":73385,"group_name":"lf-ODIM+odim-tsc","status":"sub_status_normal","post_status":"sub_poststatus_normal","email_delivery":"email_delivery_single","message_selection":"message_selection_all","auto_follow_replies":false,"max_attachment_size":"max_attachment_size_unlimited","approved_posts":0,"mod_status":"sub_modstatus_none","pending_msg_notify":"sub_notify_email_and_app","pending_sub_notify":"sub_notify_email_and_app","sub_notify":"sub_notify_email_and_app","storage_notify":"sub_notify_email_and_app","sub_group_notify":"sub_notify_email_and_app","message_report_notify":"sub_notify_email_and_app","account_notify":"sub_notify_email_and_app","mod_permissions":"","owner_msg_notify":"sub_ownermsg_notify_subs","chat_notify":"sub_notify_email_and_app","photo_notify":"sub_notify_email_and_app","file_notify":"sub_notify_email_and_app","wiki_notify":"sub_notify_email_and_app","database_notify":"sub_notify_email_and_app","email":"rbhutwal@proximabiz.com","user_status":"user_status_confirmed","user_name":"","timezone":"Asia/Kolkata","full_name":"","about_me":"","location":"","website":"","profile_privacy":"profile_private","dont_munge_message_id":false,"use_signature":false,"use_signature_email":false,"signature":"","cover_photo_url":"","icon_url":"","nice_group_name":"","subs_count":0,"most_recent_message":"0001-01-01T00:00:00Z"}},{"id":809759,"object":"past_member","created":"2020-11-04T09:15:54.007627673-08:00","action":"left","member_info":{"id":8564165,"object":"member_info","created":"2020-06-30T08:00:32.146477441-07:00","updated":"2020-07-14T09:15:03.280869971-07:00","user_id":4778678,"group_id":73385,"group_name":"lf-ODIM+odim-tsc","status":"sub_status_normal","post_status":"sub_poststatus_newusermoderated","email_delivery":"email_delivery_single","message_selection":"message_selection_all","auto_follow_replies":false,"max_attachment_size":"max_attachment_size_unlimited","approved_posts":0,"mod_status":"sub_modstatus_none","pending_msg_notify":"sub_notify_email_and_app","pending_sub_notify":"sub_notify_email_and_app","sub_notify":"sub_notify_email_and_app","storage_notify":"sub_notify_email_and_app","sub_group_notify":"sub_notify_email_and_app","message_report_notify":"sub_notify_email_and_app","account_notify":"sub_notify_email_and_app","mod_permissions":"","owner_msg_notify":"sub_ownermsg_notify_subs","chat_notify":"sub_notify_email_and_app","photo_notify":"sub_notify_email_and_app","file_notify":"sub_notify_email_and_app","wiki_notify":"sub_notify_email_and_app","database_notify":"sub_notify_email_and_app","email":"peter@apstra.com","user_status":"user_status_confirmed","user_name":"","timezone":"UTC","full_name":"","about_me":"","location":"","website":"","profile_privacy":"profile_private","dont_munge_message_id":false,"use_signature":false,"use_signature_email":false,"signature":"","cover_photo_url":"","icon_url":"","nice_group_name":"","subs_count":0,"most_recent_message":"0001-01-01T00:00:00Z"}},{"id":1034200,"object":"past_member","created":"2021-03-23T00:12:58.601961815-07:00","action":"deleted_account","member_info":{"id":8758864,"object":"member_info","created":"2020-08-19T14:27:30.786946994-07:00","updated":"2020-08-20T05:24:21.418863697-07:00","user_id":556964,"group_id":73385,"group_name":"lf-ODIM+odim-tsc","status":"sub_status_normal","post_status":"sub_poststatus_normal","email_delivery":"email_delivery_single","message_selection":"message_selection_all","auto_follow_replies":false,"max_attachment_size":"max_attachment_size_unlimited","approved_posts":0,"mod_status":"sub_modstatus_none","pending_msg_notify":"sub_notify_email_and_app","pending_sub_notify":"sub_notify_email_and_app","sub_notify":"sub_notify_email_and_app","storage_notify":"sub_notify_email_and_app","sub_group_notify":"sub_notify_email_and_app","message_report_notify":"sub_notify_email_and_app","account_notify":"sub_notify_email_and_app","mod_permissions":"","owner_msg_notify":"sub_ownermsg_notify_subs","chat_notify":"sub_notify_email_and_app","photo_notify":"sub_notify_email_and_app","file_notify":"sub_notify_email_and_app","wiki_notify":"sub_notify_email_and_app","database_notify":"sub_notify_email_and_app","email":"sebastian@loodse.com","user_status":"user_status_confirmed","user_name":"","timezone":"","full_name":"Sebastian Scheele","about_me":"","location":"","website":"","profile_privacy":"profile_private","dont_munge_message_id":false,"use_signature":false,"use_signature_email":false,"signature":"","cover_photo_url":"","icon_url":"","nice_group_name":"","subs_count":0,"most_recent_message":"0001-01-01T00:00:00Z"}},{"id":1124543,"object":"past_member","created":"2021-05-25T12:35:07.700019718-07:00","action":"left","member_info":{"id":8607775,"object":"member_info","created":"2020-07-09T07:48:39.337657094-07:00","updated":"2020-08-03T15:17:22.862820328-07:00","user_id":4803956,"group_id":73385,"group_name":"lf-ODIM+odim-tsc","status":"sub_status_normal","post_status":"sub_poststatus_normal","email_delivery":"email_delivery_single","message_selection":"message_selection_all","auto_follow_replies":false,"max_attachment_size":"max_attachment_size_unlimited","approved_posts":0,"mod_status":"sub_modstatus_none","pending_msg_notify":"sub_notify_email_and_app","pending_sub_notify":"sub_notify_email_and_app","sub_notify":"sub_notify_email_and_app","storage_notify":"sub_notify_email_and_app","sub_group_notify":"sub_notify_email_and_app","message_report_notify":"sub_notify_email_and_app","account_notify":"sub_notify_email_and_app","mod_permissions":"","owner_msg_notify":"sub_ownermsg_notify_subs","chat_notify":"sub_notify_email_and_app","photo_notify":"sub_notify_email_and_app","file_notify":"sub_notify_email_and_app","wiki_notify":"sub_notify_email_and_app","database_notify":"sub_notify_email_and_app","email":"wcabanba@redhat.com","user_status":"user_status_confirmed","user_name":"","timezone":"America/Los_Angeles","full_name":"William Caban Babilonia","about_me":"","location":"","website":"","profile_privacy":"profile_private","dont_munge_message_id":false,"use_signature":false,"use_signature_email":false,"signature":"","cover_photo_url":"","icon_url":"","nice_group_name":"","subs_count":0,"most_recent_message":"0001-01-01T00:00:00Z"}},{"id":1154975,"object":"past_member","created":"2021-06-16T10:18:56.995491961-07:00","action":"removed_member","member_info":{"id":8540892,"object":"member_info","created":"2020-06-25T08:29:18.516600116-07:00","updated":"2020-06-29T05:26:01.209300136-07:00","user_id":1690158,"group_id":73385,"group_name":"lf-ODIM+odim-tsc","status":"sub_status_normal","post_status":"sub_poststatus_normal","email_delivery":"email_delivery_single","message_selection":"message_selection_all","auto_follow_replies":false,"max_attachment_size":"max_attachment_size_unlimited","approved_posts":0,"mod_status":"sub_modstatus_none","pending_msg_notify":"sub_notify_email_and_app","pending_sub_notify":"sub_notify_email_and_app","sub_notify":"sub_notify_email_and_app","storage_notify":"sub_notify_email_and_app","sub_group_notify":"sub_notify_email_and_app","message_report_notify":"sub_notify_email_and_app","account_notify":"sub_notify_email_and_app","mod_permissions":"","owner_msg_notify":"sub_ownermsg_notify_subs","chat_notify":"sub_notify_email_and_app","photo_notify":"sub_notify_email_and_app","file_notify":"sub_notify_email_and_app","wiki_notify":"sub_notify_email_and_app","database_notify":"sub_notify_email_and_app","email":"jonas.arndt@hpe.com","user_status":"user_status_confirmed","user_name":"","timezone":"America/Los_Angeles","full_name":"Jonas Arndt","about_me":"","location":"","website":"","profile_privacy":"profile_private","dont_munge_message_id":false,"use_signature":false,"use_signature_email":false,"signature":"","cover_photo_url":"","icon_url":"","nice_group_name":"","subs_count":0,"most_recent_message":"0001-01-01T00:00:00Z"}},{"id":1240989,"object":"past_member","created":"2021-08-19T09:44:08.706552463-07:00","action":"left","member_info":{"id":10098523,"object":"member_info","created":"2021-03-16T16:42:32.118819629-07:00","updated":"2021-03-16T16:42:32.118819629-07:00","user_id":5820406,"group_id":73385,"group_name":"lf-ODIM+odim-tsc","status":"sub_status_normal","post_status":"sub_poststatus_newusermoderated","email_delivery":"email_delivery_single","message_selection":"message_selection_all","auto_follow_replies":false,"max_attachment_size":"max_attachment_size_unlimited","approved_posts":0,"mod_status":"sub_modstatus_none","pending_msg_notify":"sub_notify_email_and_app","pending_sub_notify":"sub_notify_email_and_app","sub_notify":"sub_notify_email_and_app","storage_notify":"sub_notify_email_and_app","sub_group_notify":"sub_notify_email_and_app","message_report_notify":"sub_notify_email_and_app","account_notify":"sub_notify_email_and_app","mod_permissions":"","owner_msg_notify":"sub_ownermsg_notify_subs","chat_notify":"sub_notify_email_and_app","photo_notify":"sub_notify_email_and_app","file_notify":"sub_notify_email_and_app","wiki_notify":"sub_notify_email_and_app","database_notify":"sub_notify_email_and_app","email":"ghilarducci1@llnl.gov","user_status":"user_status_confirmed","user_name":"","timezone":"America/Los_Angeles","full_name":"","about_me":"","location":"","website":"","profile_privacy":"profile_private","dont_munge_message_id":false,"use_signature":false,"use_signature_email":false,"signature":"","cover_photo_url":"","icon_url":"","nice_group_name":"","subs_count":0,"most_recent_message":"0001-01-01T00:00:00Z"}},{"id":1291273,"object":"past_member","created":"2021-09-23T09:42:13.864859406-07:00","action":"left","member_info":{"id":8540895,"object":"member_info","created":"2020-06-25T08:29:18.606383201-07:00","updated":"2020-06-25T08:29:18.606383201-07:00","user_id":452498,"group_id":73385,"group_name":"lf-ODIM+odim-tsc","status":"sub_status_normal","post_status":"sub_poststatus_normal","email_delivery":"email_delivery_single","message_selection":"message_selection_all","auto_follow_replies":false,"max_attachment_size":"max_attachment_size_unlimited","approved_posts":0,"mod_status":"sub_modstatus_none","pending_msg_notify":"sub_notify_email_and_app","pending_sub_notify":"sub_notify_email_and_app","sub_notify":"sub_notify_email_and_app","storage_notify":"sub_notify_email_and_app","sub_group_notify":"sub_notify_email_and_app","message_report_notify":"sub_notify_email_and_app","account_notify":"sub_notify_email_and_app","mod_permissions":"","owner_msg_notify":"sub_ownermsg_notify_subs","chat_notify":"sub_notify_email_and_app","photo_notify":"sub_notify_email_and_app","file_notify":"sub_notify_email_and_app","wiki_notify":"sub_notify_email_and_app","database_notify":"sub_notify_email_and_app","email":"snicholas@linuxfoundation.org","user_status":"user_status_confirmed","user_name":"","timezone":"America/New_York","full_name":"Scott Nicholas","about_me":"","location":"","website":"","profile_privacy":"profile_private","dont_munge_message_id":false,"use_signature":false,"use_signature_email":false,"signature":"","cover_photo_url":"","icon_url":"","nice_group_name":"","subs_count":0,"most_recent_message":"0001-01-01T00:00:00Z"}},{"id":1380798,"object":"past_member","created":"2021-12-01T23:56:02.321430321-08:00","action":"left","member_info":{"id":10098527,"object":"member_info","created":"2021-03-16T16:42:32.299607665-07:00","updated":"2021-03-16T16:42:32.299607665-07:00","user_id":5603878,"group_id":73385,"group_name":"lf-ODIM+odim-tsc","status":"sub_status_normal","post_status":"sub_poststatus_newusermoderated","email_delivery":"email_delivery_single","message_selection":"message_selection_all","auto_follow_replies":false,"max_attachment_size":"max_attachment_size_unlimited","approved_posts":0,"mod_status":"sub_modstatus_none","pending_msg_notify":"sub_notify_email_and_app","pending_sub_notify":"sub_notify_email_and_app","sub_notify":"sub_notify_email_and_app","storage_notify":"sub_notify_email_and_app","sub_group_notify":"sub_notify_email_and_app","message_report_notify":"sub_notify_email_and_app","account_notify":"sub_notify_email_and_app","mod_permissions":"","owner_msg_notify":"sub_ownermsg_notify_subs","chat_notify":"sub_notify_email_and_app","photo_notify":"sub_notify_email_and_app","file_notify":"sub_notify_email_and_app","wiki_notify":"sub_notify_email_and_app","database_notify":"sub_notify_email_and_app","email":"robert.pieczonka@intel.com","user_status":"user_status_confirmed","user_name":"","timezone":"UTC","full_name":"","about_me":"","location":"","website":"","profile_privacy":"profile_private","dont_munge_message_id":false,"use_signature":false,"use_signature_email":false,"signature":"","cover_photo_url":"","icon_url":"","nice_group_name":"","subs_count":0,"most_recent_message":"0001-01-01T00:00:00Z"}},{"id":1438145,"object":"past_member","created":"2022-01-20T01:56:02.64962796-08:00","action":"left","member_info":{"id":9379762,"object":"member_info","created":"2020-12-03T08:29:03.731302279-08:00","updated":"2020-12-03T08:29:03.731302279-08:00","user_id":5197117,"group_id":73385,"group_name":"lf-ODIM+odim-tsc","status":"sub_status_normal","post_status":"sub_poststatus_newusermoderated","email_delivery":"email_delivery_single","message_selection":"message_selection_all","auto_follow_replies":false,"max_attachment_size":"max_attachment_size_unlimited","approved_posts":0,"mod_status":"sub_modstatus_none","pending_msg_notify":"sub_notify_email_and_app","pending_sub_notify":"sub_notify_email_and_app","sub_notify":"sub_notify_email_and_app","storage_notify":"sub_notify_email_and_app","sub_group_notify":"sub_notify_email_and_app","message_report_notify":"sub_notify_email_and_app","account_notify":"sub_notify_email_and_app","mod_permissions":"","owner_msg_notify":"sub_ownermsg_notify_subs","chat_notify":"sub_notify_email_and_app","photo_notify":"sub_notify_email_and_app","file_notify":"sub_notify_email_and_app","wiki_notify":"sub_notify_email_and_app","database_notify":"sub_notify_email_and_app","email":"jan.benedikt@tieto.com","user_status":"user_status_confirmed","user_name":"","timezone":"UTC","full_name":"","about_me":"","location":"","website":"","profile_privacy":"profile_private","dont_munge_message_id":false,"use_signature":false,"use_signature_email":false,"signature":"","cover_photo_url":"","icon_url":"","nice_group_name":"","subs_count":0,"most_recent_message":"0001-01-01T00:00:00Z"}},{"id":1518102,"object":"past_member","created":"2022-03-22T19:34:23.850811972-07:00","action":"left","member_info":{"id":9133109,"object":"member_info","created":"2020-11-02T07:13:07.5089051-08:00","updated":"2022-03-22T06:59:01.442947226-07:00","user_id":1073591,"group_id":73385,"group_name":"lf-ODIM+odim-tsc","status":"sub_status_normal","post_status":"sub_poststatus_newusermoderated","email_delivery":"email_delivery_single","message_selection":"message_selection_all","auto_follow_replies":false,"max_attachment_size":"max_attachment_size_unlimited","approved_posts":0,"mod_status":"sub_modstatus_none","pending_msg_notify":"sub_notify_email_and_app","pending_sub_notify":"sub_notify_email_and_app","sub_notify":"sub_notify_email_and_app","storage_notify":"sub_notify_email_and_app","sub_group_notify":"sub_notify_email_and_app","message_report_notify":"sub_notify_email_and_app","account_notify":"sub_notify_email_and_app","mod_permissions":"","owner_msg_notify":"sub_ownermsg_notify_subs","chat_notify":"sub_notify_email_and_app","photo_notify":"sub_notify_email_and_app","file_notify":"sub_notify_email_and_app","wiki_notify":"sub_notify_email_and_app","database_notify":"sub_notify_email_and_app","email":"sridharkn@u.nus.edu","user_status":"user_status_confirmed","user_name":"sridhar","timezone":"America/Los_Angeles","full_name":"Sridhar K. N. Rao","about_me":"","location":"","website":"","profile_photo_url":"https://s3-us-west-1.amazonaws.com/groupsiotestprofilephotos/profilephoto.1073591?AWSAccessKeyId=AKIAJECNKOVMCCU3ATNQ\u0026Expires=1722873574\u0026Signature=MTvK3obpOwEIT%2FbZ0JKF5UMKX24%3D","profile_privacy":"profile_private","dont_munge_message_id":false,"use_signature":false,"use_signature_email":false,"signature":"","cover_photo_url":"","icon_url":"","nice_group_name":"","subs_count":0,"most_recent_message":"0001-01-01T00:00:00Z"}},{"id":2038875,"object":"past_member","created":"2023-04-24T09:44:28.460151314-07:00","action":"left","member_info":{"id":8607542,"object":"member_info","created":"2020-07-09T06:45:53.462735823-07:00","updated":"2020-08-03T15:17:49.422657158-07:00","user_id":4803824,"group_id":73385,"group_name":"lf-ODIM+odim-tsc","status":"sub_status_normal","post_status":"sub_poststatus_newusermoderated","email_delivery":"email_delivery_single","message_selection":"message_selection_all","auto_follow_replies":false,"max_attachment_size":"max_attachment_size_unlimited","approved_posts":0,"mod_status":"sub_modstatus_none","pending_msg_notify":"sub_notify_email_and_app","pending_sub_notify":"sub_notify_email_and_app","sub_notify":"sub_notify_email_and_app","storage_notify":"sub_notify_email_and_app","sub_group_notify":"sub_notify_email_and_app","message_report_notify":"sub_notify_email_and_app","account_notify":"sub_notify_email_and_app","mod_permissions":"","owner_msg_notify":"sub_ownermsg_notify_subs","chat_notify":"sub_notify_email_and_app","photo_notify":"sub_notify_email_and_app","file_notify":"sub_notify_email_and_app","wiki_notify":"sub_notify_email_and_app","database_notify":"sub_notify_email_and_app","email":"cswanson@redhat.com","user_status":"user_status_confirmed","user_name":"","timezone":"UTC","full_name":"","about_me":"","location":"","website":"","profile_privacy":"profile_private","dont_munge_message_id":false,"use_signature":false,"use_signature_email":false,"signature":"","cover_photo_url":"","icon_url":"","nice_group_name":"","subs_count":0,"most_recent_message":"0001-01-01T00:00:00Z"}},{"id":2106499,"object":"past_member","created":"2023-06-20T07:02:02.483387666-07:00","action":"left","member_info":{"id":8564178,"object":"member_info","created":"2020-06-30T08:02:33.599455468-07:00","updated":"2021-04-12T04:29:50.486989633-07:00","user_id":4778684,"group_id":73385,"group_name":"lf-ODIM+odim-tsc","status":"sub_status_normal","post_status":"sub_poststatus_normal","email_delivery":"email_delivery_single","message_selection":"message_selection_all","auto_follow_replies":false,"max_attachment_size":"max_attachment_size_unlimited","approved_posts":0,"mod_status":"sub_modstatus_none","pending_msg_notify":"sub_notify_email_and_app","pending_sub_notify":"sub_notify_email_and_app","sub_notify":"sub_notify_email_and_app","storage_notify":"sub_notify_email_and_app","sub_group_notify":"sub_notify_email_and_app","message_report_notify":"sub_notify_email_and_app","account_notify":"sub_notify_email_and_app","mod_permissions":"","owner_msg_notify":"sub_ownermsg_notify_subs","chat_notify":"sub_notify_email_and_app","photo_notify":"sub_notify_email_and_app","file_notify":"sub_notify_email_and_app","wiki_notify":"sub_notify_email_and_app","database_notify":"sub_notify_email_and_app","email":"sebastian@kubermatic.com","user_status":"user_status_confirmed","user_name":"","timezone":"UTC","full_name":"Sebastian Scheele","about_me":"","location":"","website":"","profile_privacy":"profile_private","dont_munge_message_id":false,"use_signature":false,"use_signature_email":false,"signature":"","cover_photo_url":"","icon_url":"","nice_group_name":"","subs_count":0,"most_recent_message":"0001-01-01T00:00:00Z"}},{"id":2202594,"object":"past_member","created":"2023-08-29T05:29:15.549663544-07:00","action":"left","member_info":{"id":8612893,"object":"member_info","created":"2020-07-10T12:28:13.167195911-07:00","updated":"2020-08-03T15:18:24.10173853-07:00","user_id":3411084,"group_id":73385,"group_name":"lf-ODIM+odim-tsc","status":"sub_status_normal","post_status":"sub_poststatus_normal","email_delivery":"email_delivery_single","message_selection":"message_selection_all","auto_follow_replies":false,"max_attachment_size":"max_attachment_size_unlimited","approved_posts":0,"mod_status":"sub_modstatus_none","pending_msg_notify":"sub_notify_email_and_app","pending_sub_notify":"sub_notify_email_and_app","sub_notify":"sub_notify_email_and_app","storage_notify":"sub_notify_email_and_app","sub_group_notify":"sub_notify_email_and_app","message_report_notify":"sub_notify_email_and_app","account_notify":"sub_notify_email_and_app","mod_permissions":"","owner_msg_notify":"sub_ownermsg_notify_subs","chat_notify":"sub_notify_email_and_app","photo_notify":"sub_notify_email_and_app","file_notify":"sub_notify_email_and_app","wiki_notify":"sub_notify_email_and_app","database_notify":"sub_notify_email_and_app","email":"tytus.kurek@canonical.com","user_status":"user_status_confirmed","user_name":"","timezone":"America/Los_Angeles","full_name":"Tytus Kurek","about_me":"","location":"","website":"","profile_privacy":"profile_private","dont_munge_message_id":false,"use_signature":false,"use_signature_email":false,"signature":"","cover_photo_url":"","icon_url":"","nice_group_name":"","subs_count":0,"most_recent_message":"0001-01-01T00:00:00Z"}},{"id":2453027,"object":"past_member","created":"2024-02-05T10:36:24.521117637-08:00","action":"left","member_info":{"id":8558303,"object":"member_info","created":"2020-06-29T08:26:20.284614901-07:00","updated":"2024-01-03T08:53:50.537731728-08:00","user_id":715880,"group_id":73385,"group_name":"lf-ODIM+odim-tsc","status":"sub_status_normal","post_status":"sub_poststatus_normal","email_delivery":"email_delivery_none","message_selection":"message_selection_all","auto_follow_replies":false,"max_attachment_size":"max_attachment_size_unlimited","approved_posts":0,"mod_status":"sub_modstatus_moderator","pending_msg_notify":"sub_notify_email_and_app","pending_sub_notify":"sub_notify_email_and_app","sub_notify":"sub_notify_email_and_app","storage_notify":"sub_notify_email_and_app","sub_group_notify":"sub_notify_email_and_app","message_report_notify":"sub_notify_email_and_app","account_notify":"sub_notify_email_and_app","mod_permissions":"sub_perm_pendingmsg,sub_perm_pendingmembers,sub_perm_invitemembers,sub_perm_removemembers,sub_perm_banmembers,sub_perm_managehashtags,sub_perm_modsub,sub_perm_editarchives","owner_msg_notify":"sub_ownermsg_notify_subs","chat_notify":"sub_notify_email_and_app","photo_notify":"sub_notify_email_and_app","file_notify":"sub_notify_email_and_app","wiki_notify":"sub_notify_email_and_app","database_notify":"sub_notify_email_and_app","email":"kpaul@linuxfoundation.org","user_status":"user_status_confirmed","user_name":"KennyPaul","timezone":"America/Los_Angeles","full_name":"Kenny Paul","about_me":"\u003cspan style=\"font-weight: bold;\"\u003e\u003cspan style=\"font-size: 10pt; font-family: Verdana, sans-serif; color: black;\"\u003eKenny Paul, \u003cbr /\u003e\u003c/span\u003e\u003c/span\u003e\u003cspan style=\"font-size: 10pt; font-family: Verdana, sans-serif; color: black;\"\u003eDirector, Technical Operations, Linux Foundation Networking\u003c/span\u003e\u003cspan style=\"font-weight: bold;\"\u003e\u003cspan style=\"font-size: 10pt; font-family: Verdana, sans-serif; color: black;\"\u003e\u003cbr /\u003e\u003c/span\u003e\u003c/span\u003e\u003cspan style=\"font-size: 10pt; font-family: Verdana, sans-serif;\"\u003e\u003cspan style=\"color: #000000;\"\u003ePacific Time Zone\u003c/span\u003e\u003c/span\u003e","location":"San Francisco Bay Area","website":"https://lfnetworking.org","profile_photo_url":"https://s3-us-west-1.amazonaws.com/groupsiotestprofilephotos/profilephoto.715880?AWSAccessKeyId=AKIAJECNKOVMCCU3ATNQ\u0026Expires=1722873574\u0026Signature=tkglc93szZhMP4vi3QhiQfdBaVk%3D","profile_privacy":"profile_members","dont_munge_message_id":false,"use_signature":false,"use_signature_email":false,"signature":"","cover_photo_url":"","icon_url":"","nice_group_name":"","subs_count":0,"most_recent_message":"0001-01-01T00:00:00Z"}},{"id":2488097,"object":"past_member","created":"2024-02-28T22:45:53.740382668-08:00","action":"left","member_info":{"id":11002996,"object":"member_info","created":"2022-01-18T08:33:21.264953874-08:00","updated":"2022-01-18T08:33:43.588190516-08:00","user_id":6650072,"group_id":73385,"group_name":"lf-ODIM+odim-tsc","status":"sub_status_normal","post_status":"sub_poststatus_newusermoderated","email_delivery":"email_delivery_single","message_selection":"message_selection_all","auto_follow_replies":false,"max_attachment_size":"max_attachment_size_unlimited","approved_posts":0,"mod_status":"sub_modstatus_none","pending_msg_notify":"sub_notify_email_and_app","pending_sub_notify":"sub_notify_email_and_app","sub_notify":"sub_notify_email_and_app","storage_notify":"sub_notify_email_and_app","sub_group_notify":"sub_notify_email_and_app","message_report_notify":"sub_notify_email_and_app","account_notify":"sub_notify_email_and_app","mod_permissions":"","owner_msg_notify":"sub_ownermsg_notify_subs","chat_notify":"sub_notify_email_and_app","photo_notify":"sub_notify_email_and_app","file_notify":"sub_notify_email_and_app","wiki_notify":"sub_notify_email_and_app","database_notify":"sub_notify_email_and_app","email":"vikas.jain@intel.com","user_status":"user_status_confirmed","user_name":"","timezone":"Asia/Kolkata","full_name":"Jain, Vikas","about_me":"","location":"","website":"","profile_privacy":"profile_private","dont_munge_message_id":false,"use_signature":false,"use_signature_email":false,"signature":"","cover_photo_url":"","icon_url":"","nice_group_name":"","subs_count":0,"most_recent_message":"0001-01-01T00:00:00Z"}}]
