[{"id":10757737,"object":"member_info","created":"2021-10-13T07:46:15.843184507-07:00","updated":"2022-09-27T14:59:53.680714227-07:00","user_id":1197895,"group_id":73386,"group_name":"lf-ODIM+odim-tsc-private","status":"sub_status_normal","post_status":"sub_poststatus_normal","email_delivery":"email_delivery_single","message_selection":"message_selection_all","auto_follow_replies":false,"max_attachment_size":"max_attachment_size_unlimited","approved_posts":0,"mod_status":"sub_modstatus_none","pending_msg_notify":"sub_notify_email_and_app","pending_sub_notify":"sub_notify_email_and_app","sub_notify":"sub_notify_email_and_app","storage_notify":"sub_notify_email_and_app","sub_group_notify":"sub_notify_email_and_app","message_report_notify":"sub_notify_email_and_app","account_notify":"sub_notify_email_and_app","mod_permissions":"","owner_msg_notify":"sub_ownermsg_notify_subs","chat_notify":"sub_notify_email_and_app","photo_notify":"sub_notify_email_and_app","file_notify":"sub_notify_email_and_app","wiki_notify":"sub_notify_email_and_app","database_notify":"sub_notify_email_and_app","email":"alex.vul@intel.com","user_status":"user_status_bounced","user_name":"","timezone":"America/Los_Angeles","full_name":"Alex Vul","about_me":"","location":"","website":"","profile_privacy":"profile_private","dont_munge_message_id":false,"use_signature":false,"use_signature_email":false,"signature":"","color":"color_none","cover_photo_url":"","icon_url":"","nice_group_name":"","subs_count":0,"most_recent_message":"0001-01-01T00:00:00Z","perms":{"object":"perms","archives_visible":true,"polls_visible":true,"members_visible":true,"chat_visible":true,"calendar_visible":true,"files_visible":true,"database_visible":true,"photos_visible":true,"wiki_visible":true,"member_directory_visible":true,"hashtags_visible":true,"guidelines_visible":true,"subgroups_visible":true,"open_donations_visible":true,"sponsor_visible":true,"manage_subgroups":true,"delete_group":true,"download_archives":true,"download_entire_group":true,"download_members":true,"view_activity":true,"create_hashtags":true,"manage_hashtags":true,"manage_integrations":true,"manage_group_settings":true,"make_moderator":true,"manage_member_subscription_options":true,"manage_pending_members":true,"remove_members":true,"ban_members":true,"manage_group_billing":true,"manage_group_payments":true,"edit_archives":true,"manage_pending_messages":true,"invite_members":true,"can_post":true,"can_reply":true,"can_vote":true,"manage_polls":true,"manage_photos":true,"manage_members":true,"manage_calendar":true,"manage_chats":true,"view_member_directory":true,"manage_files":true,"manage_wiki":true,"manage_subscription":true,"public_page":true,"sub_page":true,"mod_page":true},"delivery_info":{"object":"delivery_info","created":"2021-10-13T14:27:22.408588862-07:00","updated":"2022-09-27T15:03:37.555668029-07:00","group_id":73386,"success_msg_id":0,"success_time":"2022-09-17T14:42:28.318600993-07:00","success_subject":"Bounce probe","success_type":"delivery_single","success_response":"","attempt_msg_id":0,"attempt_time":"1969-12-31T16:00:00-08:00","attempt_subject":"","attempt_type":"delivery_single","attempt_response":"","bounces":[{"object":"bounce_info","created":"2022-09-23T14:56:03.85546045-07:00","group_id":73386,"msg_id":0,"subject":"Bounce probe","response":"mga17.intel.com: 550 #5.1.0 Address rejected.","is_hard":true,"type":"delivery_bounce_probe"}]}},{"id":10415509,"object":"member_info","created":"2021-06-16T10:18:56.886264009-07:00","updated":"2024-07-05T03:44:49.876450491-07:00","user_id":4818576,"group_id":73386,"group_name":"lf-ODIM+odim-tsc-private","status":"sub_status_normal","post_status":"sub_poststatus_normal","email_delivery":"email_delivery_single","message_selection":"message_selection_all","auto_follow_replies":false,"max_attachment_size":"max_attachment_size_unlimited","approved_posts":0,"mod_status":"sub_modstatus_none","pending_msg_notify":"sub_notify_email_and_app","pending_sub_notify":"sub_notify_email_and_app","sub_notify":"sub_notify_email_and_app","storage_notify":"sub_notify_email_and_app","sub_group_notify":"sub_notify_email_and_app","message_report_notify":"sub_notify_email_and_app","account_notify":"sub_notify_email_and_app","mod_permissions":"","owner_msg_notify":"sub_ownermsg_notify_subs","chat_notify":"sub_notify_email_and_app","photo_notify":"sub_notify_email_and_app","file_notify":"sub_notify_email_and_app","wiki_notify":"sub_notify_email_and_app","database_notify":"sub_notify_email_and_app","email":"bharath.kumar@hpe.com","user_status":"user_status_confirmed","user_name":"BharathKBK","timezone":"Asia/Kolkata","full_name":"Kumar Bhaskar Kizhur, Bharath (NFV Solutions)","about_me":"","location":"","website":"","profile_privacy":"profile_private","dont_munge_message_id":false,"use_signature":false,"use_signature_email":false,"signature":"","color":"color_none","cover_photo_url":"","icon_url":"","nice_group_name":"","subs_count":0,"most_recent_message":"0001-01-01T00:00:00Z","perms":{"object":"perms","archives_visible":true,"polls_visible":true,"members_visible":true,"chat_visible":true,"calendar_visible":true,"files_visible":true,"database_visible":true,"photos_visible":true,"wiki_visible":true,"member_directory_visible":true,"hashtags_visible":true,"guidelines_visible":true,"subgroups_visible":true,"open_donations_visible":true,"sponsor_visible":true,"manage_subgroups":true,"delete_group":true,"download_archives":true,"download_entire_group":true,"download_members":true,"view_activity":true,"create_hashtags":true,"manage_hashtags":true,"manage_integrations":true,"manage_group_settings":true,"make_moderator":true,"manage_member_subscription_options":true,"manage_pending_members":true,"remove_members":true,"ban_members":true,"manage_group_billing":true,"manage_group_payments":true,"edit_archives":true,"manage_pending_messages":true,"invite_members":true,"can_post":true,"can_reply":true,"can_vote":true,"manage_polls":true,"manage_photos":true,"manage_members":true,"manage_calendar":true,"manage_chats":true,"view_member_directory":true,"manage_files":true,"manage_wiki":true,"manage_subscription":true,"public_page":true,"sub_page":true,"mod_page":true},"delivery_info":{"object":"delivery_info","created":"2021-06-16T14:10:43.495209506-07:00","updated":"2023-07-26T14:06:44.809303279-07:00","group_id":73386,"success_msg_id":0,"success_time":"2023-07-26T06:21:01.247866671-07:00","success_subject":"Link to log into Anuket","success_type":"delivery_single","success_response":"","attempt_msg_id":0,"attempt_time":"1969-12-31T16:00:00-08:00","attempt_subject":"","attempt_type":"delivery_single","attempt_response":"","bounces":null}},{"id":10485989,"object":"member_info","created":"2021-07-12T09:45:04.872921052-07:00","updated":"2023-06-28T07:50:01.551969283-07:00","user_id":526315,"group_id":73386,"group_name":"lf-ODIM+odim-tsc-private","status":"sub_status_normal","post_status":"sub_poststatus_normal","email_delivery":"email_delivery_single","message_selection":"message_selection_all","auto_follow_replies":false,"max_attachment_size":"max_attachment_size_unlimited","approved_posts":0,"mod_status":"sub_modstatus_owner","pending_msg_notify":"sub_notify_email_and_app","pending_sub_notify":"sub_notify_email_and_app","sub_notify":"sub_notify_email_and_app","storage_notify":"sub_notify_email_and_app","sub_group_notify":"sub_notify_email_and_app","message_report_notify":"sub_notify_email_and_app","account_notify":"sub_notify_email_and_app","mod_permissions":"sub_perm_pendingmsg,sub_perm_pendingmembers,sub_perm_invitemembers,sub_perm_removemembers,sub_perm_banmembers,sub_perm_makemoderator,sub_perm_managehashtags,sub_perm_groupsettings,sub_perm_modsub,sub_perm_integrations,sub_perm_editarchives,sub_perm_billing,sub_perm_managesubgroups,sub_perm_viewmembers,sub_perm_managepaidsubscriptions","owner_msg_notify":"sub_ownermsg_notify_subs","chat_notify":"sub_notify_email_and_app","photo_notify":"sub_notify_email_and_app","file_notify":"sub_notify_email_and_app","wiki_notify":"sub_notify_email_and_app","database_notify":"sub_notify_email_and_app","email":"ccain@linuxfoundation.org","user_status":"user_status_confirmed","user_name":"","timezone":"America/Los_Angeles","full_name":"Casey Cain","about_me":"","location":"","website":"","profile_privacy":"profile_private","dont_munge_message_id":true,"use_signature":false,"use_signature_email":false,"signature":"","color":"color_none","cover_photo_url":"","icon_url":"","nice_group_name":"","subs_count":0,"most_recent_message":"0001-01-01T00:00:00Z","perms":{"object":"perms","archives_visible":true,"polls_visible":true,"members_visible":true,"chat_visible":true,"calendar_visible":true,"files_visible":true,"database_visible":true,"photos_visible":true,"wiki_visible":true,"member_directory_visible":true,"hashtags_visible":true,"guidelines_visible":true,"subgroups_visible":true,"open_donations_visible":true,"sponsor_visible":true,"manage_subgroups":true,"delete_group":true,"download_archives":true,"download_entire_group":true,"download_members":true,"view_activity":true,"create_hashtags":true,"manage_hashtags":true,"manage_integrations":true,"manage_group_settings":true,"make_moderator":true,"manage_member_subscription_options":true,"manage_pending_members":true,"remove_members":true,"ban_members":true,"manage_group_billing":true,"manage_group_payments":true,"edit_archives":true,"manage_pending_messages":true,"invite_members":true,"can_post":true,"can_reply":true,"can_vote":true,"manage_polls":true,"manage_photos":true,"manage_members":true,"manage_calendar":true,"manage_chats":true,"view_member_directory":true,"manage_files":true,"manage_wiki":true,"manage_subscription":true,"public_page":true,"sub_page":true,"mod_page":true},"delivery_info":{"object":"delivery_info","created":"2021-07-12T14:01:32.942156782-07:00","updated":"2023-12-12T14:27:55.736959892-08:00","group_id":73386,"success_msg_id":0,"success_time":"2023-06-28T07:40:53.948406205-07:00","success_subject":"[odim-tsc-private] Subscription Approval Needed - dfoerster@geico.com applied to odim-tsc-private@lists.odim.io","success_type":"delivery_single","success_response":"","attempt_msg_id":0,"attempt_time":"1969-12-31T16:00:00-08:00","attempt_subject":"","attempt_type":"delivery_single","attempt_response":"","bounces":null}},{"id":8540839,"object":"member_info","created":"2020-06-25T08:15:44.720777973-07:00","updated":"2023-02-17T15:37:45.264488269-08:00","user_id":4619205,"group_id":73386,"group_name":"lf-ODIM+odim-tsc-private","status":"sub_status_normal","post_status":"sub_poststatus_normal","email_delivery":"email_delivery_single","message_selection":"message_selection_all","auto_follow_replies":false,"max_attachment_size":"max_attachment_size_unlimited","approved_posts":0,"mod_status":"sub_modstatus_owner","pending_msg_notify":"sub_notify_email_and_app","pending_sub_notify":"sub_notify_email_and_app","sub_notify":"sub_notify_email_and_app","storage_notify":"sub_notify_email_and_app","sub_group_notify":"sub_notify_email_and_app","message_report_notify":"sub_notify_email_and_app","account_notify":"sub_notify_email_and_app","mod_permissions":"sub_perm_pendingmsg,sub_perm_pendingmembers,sub_perm_invitemembers,sub_perm_removemembers,sub_perm_banmembers,sub_perm_makemoderator,sub_perm_managehashtags,sub_perm_groupsettings,sub_perm_modsub,sub_perm_integrations,sub_perm_editarchives,sub_perm_billing,sub_perm_managesubgroups,sub_perm_viewmembers,sub_perm_managepaidsubscriptions","owner_msg_notify":"sub_ownermsg_notify_subs","chat_notify":"sub_notify_email_and_app","photo_notify":"sub_notify_email_and_app","file_notify":"sub_notify_email_and_app","wiki_notify":"sub_notify_email_and_app","database_notify":"sub_notify_email_and_app","email":"lilluzzi@linuxfoundation.org","user_status":"user_status_confirmed","user_name":"","timezone":"America/New_York","full_name":"Louis Illuzzi","about_me":"","location":"","website":"","profile_privacy":"profile_private","dont_munge_message_id":false,"use_signature":false,"use_signature_email":false,"signature":"","color":"color_none","cover_photo_url":"","icon_url":"","nice_group_name":"","subs_count":0,"most_recent_message":"0001-01-01T00:00:00Z","perms":{"object":"perms","archives_visible":true,"polls_visible":true,"members_visible":true,"chat_visible":true,"calendar_visible":true,"files_visible":true,"database_visible":true,"photos_visible":true,"wiki_visible":true,"member_directory_visible":true,"hashtags_visible":true,"guidelines_visible":true,"subgroups_visible":true,"open_donations_visible":true,"sponsor_visible":true,"manage_subgroups":true,"delete_group":true,"download_archives":true,"download_entire_group":true,"download_members":true,"view_activity":true,"create_hashtags":true,"manage_hashtags":true,"manage_integrations":true,"manage_group_settings":true,"make_moderator":true,"manage_member_subscription_options":true,"manage_pending_members":true,"remove_members":true,"ban_members":true,"manage_group_billing":true,"manage_group_payments":true,"edit_archives":true,"manage_pending_messages":true,"invite_members":true,"can_post":true,"can_reply":true,"can_vote":true,"manage_polls":true,"manage_photos":true,"manage_members":true,"manage_calendar":true,"manage_chats":true,"view_member_directory":true,"manage_files":true,"manage_wiki":true,"manage_subscription":true,"public_page":true,"sub_page":true,"mod_page":true},"delivery_info":{"object":"delivery_info","created":"2021-07-16T13:44:09.018349723-07:00","updated":"2023-12-12T13:19:38.636967596-08:00","group_id":73386,"success_msg_id":0,"success_time":"2023-06-28T07:40:53.985257557-07:00","success_subject":"[odim-tsc-private] Subscription Approval Needed - dfoerster@geico.com applied to odim-tsc-private@lists.odim.io","success_type":"delivery_single","success_response":"","attempt_msg_id":0,"attempt_time":"1969-12-31T16:00:00-08:00","attempt_subject":"","attempt_type":"delivery_single","attempt_response":"","bounces":null}},{"id":10757738,"object":"member_info","created":"2021-10-13T07:46:36.213453529-07:00","updated":"2021-10-13T07:46:36.213453529-07:00","user_id":4991672,"group_id":73386,"group_name":"lf-ODIM+odim-tsc-private","status":"sub_status_normal","post_status":"sub_poststatus_normal","email_delivery":"email_delivery_single","message_selection":"message_selection_all","auto_follow_replies":false,"max_attachment_size":"max_attachment_size_unlimited","approved_posts":0,"mod_status":"sub_modstatus_none","pending_msg_notify":"sub_notify_email_and_app","pending_sub_notify":"sub_notify_email_and_app","sub_notify":"sub_notify_email_and_app","storage_notify":"sub_notify_email_and_app","sub_group_notify":"sub_notify_email_and_app","message_report_notify":"sub_notify_email_and_app","account_notify":"sub_notify_email_and_app","mod_permissions":"","owner_msg_notify":"sub_ownermsg_notify_subs","chat_notify":"sub_notify_email_and_app","photo_notify":"sub_notify_email_and_app","file_notify":"sub_notify_email_and_app","wiki_notify":"sub_notify_email_and_app","database_notify":"sub_notify_email_and_app","email":"muthukkumaranr@ami.com","user_status":"user_status_confirmed","user_name":"","timezone":"America/New_York","full_name":"Muthukkumaran Ramalingam","about_me":"","location":"","website":"","profile_privacy":"profile_private","dont_munge_message_id":false,"use_signature":false,"use_signature_email":false,"signature":"","color":"color_none","cover_photo_url":"","icon_url":"","nice_group_name":"","subs_count":0,"most_recent_message":"0001-01-01T00:00:00Z","perms":{"object":"perms","archives_visible":true,"polls_visible":true,"members_visible":true,"chat_visible":true,"calendar_visible":true,"files_visible":true,"database_visible":true,"photos_visible":true,"wiki_visible":true,"member_directory_visible":true,"hashtags_visible":true,"guidelines_visible":true,"subgroups_visible":true,"open_donations_visible":true,"sponsor_visible":true,"manage_subgroups":true,"delete_group":true,"download_archives":true,"download_entire_group":true,"download_members":true,"view_activity":true,"create_hashtags":true,"manage_hashtags":true,"manage_integrations":true,"manage_group_settings":true,"make_moderator":true,"manage_member_subscription_options":true,"manage_pending_members":true,"remove_members":true,"ban_members":true,"manage_group_billing":true,"manage_group_payments":true,"edit_archives":true,"manage_pending_messages":true,"invite_members":true,"can_post":true,"can_reply":true,"can_vote":true,"manage_polls":true,"manage_photos":true,"manage_members":true,"manage_calendar":true,"manage_chats":true,"view_member_directory":true,"manage_files":true,"manage_wiki":true,"manage_subscription":true,"public_page":true,"sub_page":true,"mod_page":true},"delivery_info":{"object":"delivery_info","created":"2021-10-13T14:11:35.686860158-07:00","updated":"2023-05-08T14:14:35.982520678-07:00","group_id":73386,"success_msg_id":0,"success_time":"2023-05-08T10:10:29.458891879-07:00","success_subject":"[odim-tsc-private] ODIM Strategic Update to the GB","success_type":"delivery_single","success_response":"","attempt_msg_id":0,"attempt_time":"1969-12-31T16:00:00-08:00","attempt_subject":"","attempt_type":"delivery_single","attempt_response":"","bounces":null}}]
