[{"id":640746,"object":"past_member","created":"2020-07-01T09:35:53.063906897-07:00","action":"removed_member","member_info":{"id":8568640,"object":"member_info","created":"2020-06-30T17:53:11.694884278-07:00","updated":"2020-06-30T17:53:11.694884278-07:00","user_id":977260,"group_id":73386,"group_name":"lf-ODIM+odim-tsc-private","status":"sub_status_normal","post_status":"sub_poststatus_normal","email_delivery":"email_delivery_single","message_selection":"message_selection_all","auto_follow_replies":false,"max_attachment_size":"max_attachment_size_unlimited","approved_posts":0,"mod_status":"sub_modstatus_none","pending_msg_notify":"sub_notify_email_and_app","pending_sub_notify":"sub_notify_email_and_app","sub_notify":"sub_notify_email_and_app","storage_notify":"sub_notify_email_and_app","sub_group_notify":"sub_notify_email_and_app","message_report_notify":"sub_notify_email_and_app","account_notify":"sub_notify_email_and_app","mod_permissions":"","owner_msg_notify":"sub_ownermsg_notify_subs","chat_notify":"sub_notify_email_and_app","photo_notify":"sub_notify_email_and_app","file_notify":"sub_notify_email_and_app","wiki_notify":"sub_notify_email_and_app","database_notify":"sub_notify_email_and_app","email":"karl.chiang@qct.io","user_status":"user_status_confirmed","user_name":"","timezone":"","full_name":"Karl Chiang","about_me":"","location":"","website":"","profile_privacy":"profile_private","dont_munge_message_id":false,"use_signature":false,"use_signature_email":false,"signature":"","cover_photo_url":"","icon_url":"","nice_group_name":"","subs_count":0,"most_recent_message":"0001-01-01T00:00:00Z"}},{"id":650699,"object":"past_member","created":"2020-07-08T09:41:20.941661168-07:00","action":"removed_member","member_info":{"id":8604105,"object":"member_info","created":"2020-07-08T09:27:13.143964791-07:00","updated":"2020-07-08T09:27:13.143964791-07:00","user_id":1492492,"group_id":73386,"group_name":"lf-ODIM+odim-tsc-private","status":"sub_status_normal","post_status":"sub_poststatus_normal","email_delivery":"email_delivery_single","message_selection":"message_selection_all","auto_follow_replies":false,"max_attachment_size":"max_attachment_size_unlimited","approved_posts":0,"mod_status":"sub_modstatus_none","pending_msg_notify":"sub_notify_email_and_app","pending_sub_notify":"sub_notify_email_and_app","sub_notify":"sub_notify_email_and_app","storage_notify":"sub_notify_email_and_app","sub_group_notify":"sub_notify_email_and_app","message_report_notify":"sub_notify_email_and_app","account_notify":"sub_notify_email_and_app","mod_permissions":"","owner_msg_notify":"sub_ownermsg_notify_subs","chat_notify":"sub_notify_email_and_app","photo_notify":"sub_notify_email_and_app","file_notify":"sub_notify_email_and_app","wiki_notify":"sub_notify_email_and_app","database_notify":"sub_notify_email_and_app","email":"stefanor@ami.com","user_status":"user_status_confirmed","user_name":"","timezone":"","full_name":"","about_me":"","location":"","website":"","profile_privacy":"profile_private","dont_munge_message_id":false,"use_signature":false,"use_signature_email":false,"signature":"","cover_photo_url":"","icon_url":"","nice_group_name":"","subs_count":0,"most_recent_message":"0001-01-01T00:00:00Z"}},{"id":650700,"object":"past_member","created":"2020-07-08T09:41:21.052610843-07:00","action":"removed_member","member_info":{"id":8571006,"object":"member_info","created":"2020-07-01T09:35:52.865830252-07:00","updated":"2020-07-07T16:53:48.673801496-07:00","user_id":1635201,"group_id":73386,"group_name":"lf-ODIM+odim-tsc-private","status":"sub_status_normal","post_status":"sub_poststatus_normal","email_delivery":"email_delivery_single","message_selection":"message_selection_all","auto_follow_replies":false,"max_attachment_size":"max_attachment_size_unlimited","approved_posts":0,"mod_status":"sub_modstatus_none","pending_msg_notify":"sub_notify_email_and_app","pending_sub_notify":"sub_notify_email_and_app","sub_notify":"sub_notify_email_and_app","storage_notify":"sub_notify_email_and_app","sub_group_notify":"sub_notify_email_and_app","message_report_notify":"sub_notify_email_and_app","account_notify":"sub_notify_email_and_app","mod_permissions":"","owner_msg_notify":"sub_ownermsg_notify_subs","chat_notify":"sub_notify_email_and_app","photo_notify":"sub_notify_email_and_app","file_notify":"sub_notify_email_and_app","wiki_notify":"sub_notify_email_and_app","database_notify":"sub_notify_email_and_app","email":"jbaker@linuxfoundation.org","user_status":"user_status_confirmed","user_name":"","timezone":"America/Denver","full_name":"Jim Baker","about_me":"","location":"","website":"","profile_privacy":"profile_private","dont_munge_message_id":false,"use_signature":false,"use_signature_email":false,"signature":"","cover_photo_url":"","icon_url":"","nice_group_name":"","subs_count":0,"most_recent_message":"0001-01-01T00:00:00Z"}},{"id":650701,"object":"past_member","created":"2020-07-08T09:41:21.148210323-07:00","action":"removed_member","member_info":{"id":8571007,"object":"member_info","created":"2020-07-01T09:35:52.912027976-07:00","updated":"2020-07-07T16:53:48.688545923-07:00","user_id":715880,"group_id":73386,"group_name":"lf-ODIM+odim-tsc-private","status":"sub_status_normal","post_status":"sub_poststatus_normal","email_delivery":"email_delivery_single","message_selection":"message_selection_all","auto_follow_replies":false,"max_attachment_size":"max_attachment_size_unlimited","approved_posts":0,"mod_status":"sub_modstatus_none","pending_msg_notify":"sub_notify_email_and_app","pending_sub_notify":"sub_notify_email_and_app","sub_notify":"sub_notify_email_and_app","storage_notify":"sub_notify_email_and_app","sub_group_notify":"sub_notify_email_and_app","message_report_notify":"sub_notify_email_and_app","account_notify":"sub_notify_email_and_app","mod_permissions":"","owner_msg_notify":"sub_ownermsg_notify_subs","chat_notify":"sub_notify_email_and_app","photo_notify":"sub_notify_email_and_app","file_notify":"sub_notify_email_and_app","wiki_notify":"sub_notify_email_and_app","database_notify":"sub_notify_email_and_app","email":"kpaul@linuxfoundation.org","user_status":"user_status_confirmed","user_name":"KennyPaul","timezone":"America/Los_Angeles","full_name":"Kenny Paul","about_me":"\u003cspan style=\"font-weight: bold;\"\u003e\u003cspan style=\"font-size: 10pt; font-family: Verdana, sans-serif; color: black;\"\u003eKenny Paul, Technical Program\u0026nbsp;Manager, The Linux\u0026nbsp;Foundation\u003cbr /\u003e\u003c/span\u003e\u003c/span\u003e\u003cspan style=\"font-size: 10pt; font-family: Verdana, sans-serif;\"\u003e\u003cspan style=\"color: #000000;\"\u003ePacific Time Zone\u003c/span\u003e\u003c/span\u003e\u0026nbsp; \u0026nbsp;\u0026nbsp;","location":"San Francisco Bay Area","website":"https://lfnetworking.org","profile_photo_url":"https://s3-us-west-1.amazonaws.com/groupsiotestprofilephotos/profilephoto.715880?AWSAccessKeyId=AKIAJECNKOVMCCU3ATNQ\u0026Expires=1722873572\u0026Signature=qdEXQR5g4phkQvswx9JIV5hQ9lo%3D","profile_privacy":"profile_members","dont_munge_message_id":false,"use_signature":false,"use_signature_email":false,"signature":"","cover_photo_url":"","icon_url":"","nice_group_name":"","subs_count":0,"most_recent_message":"0001-01-01T00:00:00Z"}},{"id":650702,"object":"past_member","created":"2020-07-08T09:41:21.244530717-07:00","action":"removed_member","member_info":{"id":8571008,"object":"member_info","created":"2020-07-01T09:35:52.957491831-07:00","updated":"2020-07-07T16:53:48.704554969-07:00","user_id":452498,"group_id":73386,"group_name":"lf-ODIM+odim-tsc-private","status":"sub_status_normal","post_status":"sub_poststatus_normal","email_delivery":"email_delivery_single","message_selection":"message_selection_all","auto_follow_replies":false,"max_attachment_size":"max_attachment_size_unlimited","approved_posts":0,"mod_status":"sub_modstatus_none","pending_msg_notify":"sub_notify_email_and_app","pending_sub_notify":"sub_notify_email_and_app","sub_notify":"sub_notify_email_and_app","storage_notify":"sub_notify_email_and_app","sub_group_notify":"sub_notify_email_and_app","message_report_notify":"sub_notify_email_and_app","account_notify":"sub_notify_email_and_app","mod_permissions":"","owner_msg_notify":"sub_ownermsg_notify_subs","chat_notify":"sub_notify_email_and_app","photo_notify":"sub_notify_email_and_app","file_notify":"sub_notify_email_and_app","wiki_notify":"sub_notify_email_and_app","database_notify":"sub_notify_email_and_app","email":"snicholas@linuxfoundation.org","user_status":"user_status_confirmed","user_name":"","timezone":"America/New_York","full_name":"Scott Nicholas","about_me":"","location":"","website":"","profile_privacy":"profile_private","dont_munge_message_id":false,"use_signature":false,"use_signature_email":false,"signature":"","cover_photo_url":"","icon_url":"","nice_group_name":"","subs_count":0,"most_recent_message":"0001-01-01T00:00:00Z"}},{"id":650703,"object":"past_member","created":"2020-07-08T09:41:21.341903506-07:00","action":"removed_member","member_info":{"id":8571005,"object":"member_info","created":"2020-07-01T09:35:52.816035802-07:00","updated":"2020-07-01T09:35:52.816035802-07:00","user_id":948095,"group_id":73386,"group_name":"lf-ODIM+odim-tsc-private","status":"sub_status_normal","post_status":"sub_poststatus_normal","email_delivery":"email_delivery_single","message_selection":"message_selection_all","auto_follow_replies":false,"max_attachment_size":"max_attachment_size_unlimited","approved_posts":0,"mod_status":"sub_modstatus_none","pending_msg_notify":"sub_notify_email_and_app","pending_sub_notify":"sub_notify_email_and_app","sub_notify":"sub_notify_email_and_app","storage_notify":"sub_notify_email_and_app","sub_group_notify":"sub_notify_email_and_app","message_report_notify":"sub_notify_email_and_app","account_notify":"sub_notify_email_and_app","mod_permissions":"","owner_msg_notify":"sub_ownermsg_notify_subs","chat_notify":"sub_notify_email_and_app","photo_notify":"sub_notify_email_and_app","file_notify":"sub_notify_email_and_app","wiki_notify":"sub_notify_email_and_app","database_notify":"sub_notify_email_and_app","email":"mwoster@linuxfoundation.org","user_status":"user_status_confirmed","user_name":"","timezone":"","full_name":"Mike Woster","about_me":"","location":"","website":"","profile_privacy":"profile_private","dont_munge_message_id":false,"use_signature":false,"use_signature_email":false,"signature":"","cover_photo_url":"","icon_url":"","nice_group_name":"","subs_count":0,"most_recent_message":"0001-01-01T00:00:00Z"}},{"id":661178,"object":"past_member","created":"2020-07-16T03:31:08.786046009-07:00","action":"removed_member","member_info":{"id":8637055,"object":"member_info","created":"2020-07-16T03:22:54.852381159-07:00","updated":"2020-07-16T03:24:19.492476225-07:00","user_id":4820512,"group_id":73386,"group_name":"lf-ODIM+odim-tsc-private","status":"sub_status_normal","post_status":"sub_poststatus_normal","email_delivery":"email_delivery_single","message_selection":"message_selection_all","auto_follow_replies":false,"max_attachment_size":"max_attachment_size_unlimited","approved_posts":0,"mod_status":"sub_modstatus_none","pending_msg_notify":"sub_notify_email_and_app","pending_sub_notify":"sub_notify_email_and_app","sub_notify":"sub_notify_email_and_app","storage_notify":"sub_notify_email_and_app","sub_group_notify":"sub_notify_email_and_app","message_report_notify":"sub_notify_email_and_app","account_notify":"sub_notify_email_and_app","mod_permissions":"","owner_msg_notify":"sub_ownermsg_notify_subs","chat_notify":"sub_notify_email_and_app","photo_notify":"sub_notify_email_and_app","file_notify":"sub_notify_email_and_app","wiki_notify":"sub_notify_email_and_app","database_notify":"sub_notify_email_and_app","email":"juha.back@nokia.com","user_status":"user_status_confirmed","user_name":"","timezone":"","full_name":"","about_me":"","location":"","website":"","profile_privacy":"profile_private","dont_munge_message_id":false,"use_signature":false,"use_signature_email":false,"signature":"","cover_photo_url":"","icon_url":"","nice_group_name":"","subs_count":0,"most_recent_message":"0001-01-01T00:00:00Z"}},{"id":1631860,"object":"past_member","created":"2022-06-23T02:16:56.733559132-07:00","action":"expired_member","member_info":{"id":11394008,"object":"member_info","created":"2022-06-08T08:26:27.782350975-07:00","updated":"2022-06-08T08:26:27.782350975-07:00","user_id":6955696,"group_id":73386,"group_name":"lf-ODIM+odim-tsc-private","status":"sub_status_pending","post_status":"sub_poststatus_normal","email_delivery":"email_delivery_single","message_selection":"message_selection_all","auto_follow_replies":false,"max_attachment_size":"max_attachment_size_unlimited","approved_posts":0,"mod_status":"sub_modstatus_none","pending_msg_notify":"sub_notify_email_and_app","pending_sub_notify":"sub_notify_email_and_app","sub_notify":"sub_notify_email_and_app","storage_notify":"sub_notify_email_and_app","sub_group_notify":"sub_notify_email_and_app","message_report_notify":"sub_notify_email_and_app","account_notify":"sub_notify_email_and_app","mod_permissions":"","owner_msg_notify":"sub_ownermsg_notify_subs","chat_notify":"sub_notify_email_and_app","photo_notify":"sub_notify_email_and_app","file_notify":"sub_notify_email_and_app","wiki_notify":"sub_notify_email_and_app","database_notify":"sub_notify_email_and_app","email":"mahesh.v@HPE.com","user_status":"user_status_confirmed","user_name":"","timezone":"Asia/Kolkata","full_name":"","about_me":"","location":"","website":"","profile_privacy":"profile_private","dont_munge_message_id":false,"use_signature":false,"use_signature_email":false,"signature":"","cover_photo_url":"","icon_url":"","nice_group_name":"","subs_count":0,"most_recent_message":"0001-01-01T00:00:00Z"}},{"id":2117819,"object":"past_member","created":"2023-06-29T09:59:02.769740247-07:00","action":"rejected_member","member_info":{"id":12414196,"object":"member_info","created":"2023-06-28T07:40:52.524772254-07:00","updated":"2023-06-28T07:40:52.524772254-07:00","user_id":7641698,"group_id":73386,"group_name":"lf-ODIM+odim-tsc-private","status":"sub_status_pending","post_status":"sub_poststatus_normal","email_delivery":"email_delivery_single","message_selection":"message_selection_all","auto_follow_replies":false,"max_attachment_size":"max_attachment_size_unlimited","approved_posts":0,"mod_status":"sub_modstatus_none","pending_msg_notify":"sub_notify_email_and_app","pending_sub_notify":"sub_notify_email_and_app","sub_notify":"sub_notify_email_and_app","storage_notify":"sub_notify_email_and_app","sub_group_notify":"sub_notify_email_and_app","message_report_notify":"sub_notify_email_and_app","account_notify":"sub_notify_email_and_app","mod_permissions":"","owner_msg_notify":"sub_ownermsg_notify_subs","chat_notify":"sub_notify_email_and_app","photo_notify":"sub_notify_email_and_app","file_notify":"sub_notify_email_and_app","wiki_notify":"sub_notify_email_and_app","database_notify":"sub_notify_email_and_app","email":"dfoerster@geico.com","user_status":"user_status_confirmed","user_name":"DaFoe","timezone":"America/New_York","full_name":"David Foerster","about_me":"","location":"USMD","website":"","profile_privacy":"profile_private","dont_munge_message_id":false,"use_signature":false,"use_signature_email":false,"signature":"","cover_photo_url":"","icon_url":"","nice_group_name":"","subs_count":0,"most_recent_message":"0001-01-01T00:00:00Z"}},{"id":2366001,"object":"past_member","created":"2023-12-27T02:15:15.922789445-08:00","action":"expired_member","member_info":{"id":12867847,"object":"member_info","created":"2023-12-12T10:43:18.553829257-08:00","updated":"2023-12-12T10:43:18.553829257-08:00","user_id":7879586,"group_id":73386,"group_name":"lf-ODIM+odim-tsc-private","status":"sub_status_pending","post_status":"sub_poststatus_normal","email_delivery":"email_delivery_single","message_selection":"message_selection_all","auto_follow_replies":false,"max_attachment_size":"max_attachment_size_unlimited","approved_posts":0,"mod_status":"sub_modstatus_none","pending_msg_notify":"sub_notify_email_and_app","pending_sub_notify":"sub_notify_email_and_app","sub_notify":"sub_notify_email_and_app","storage_notify":"sub_notify_email_and_app","sub_group_notify":"sub_notify_email_and_app","message_report_notify":"sub_notify_email_and_app","account_notify":"sub_notify_email_and_app","mod_permissions":"","owner_msg_notify":"sub_ownermsg_notify_subs","chat_notify":"sub_notify_email_and_app","photo_notify":"sub_notify_email_and_app","file_notify":"sub_notify_email_and_app","wiki_notify":"sub_notify_email_and_app","database_notify":"sub_notify_email_and_app","email":"TaVanFleet@geico.com","user_status":"user_status_confirmed","user_name":"","timezone":"America/Los_Angeles","full_name":"Van Fleet, Tad","about_me":"","location":"","website":"","profile_privacy":"profile_private","dont_munge_message_id":false,"use_signature":false,"use_signature_email":false,"signature":"","cover_photo_url":"","icon_url":"","nice_group_name":"","subs_count":0,"most_recent_message":"0001-01-01T00:00:00Z"}},{"id":2453025,"object":"past_member","created":"2024-02-05T10:36:24.368370165-08:00","action":"left","member_info":{"id":11262995,"object":"member_info","created":"2022-04-15T16:41:59.592133563-07:00","updated":"2023-02-17T15:38:29.656576773-08:00","user_id":715880,"group_id":73386,"group_name":"lf-ODIM+odim-tsc-private","status":"sub_status_normal","post_status":"sub_poststatus_normal","email_delivery":"email_delivery_single","message_selection":"message_selection_all","auto_follow_replies":false,"max_attachment_size":"max_attachment_size_unlimited","approved_posts":0,"mod_status":"sub_modstatus_owner","pending_msg_notify":"sub_notify_email_and_app","pending_sub_notify":"sub_notify_email_and_app","sub_notify":"sub_notify_email_and_app","storage_notify":"sub_notify_email_and_app","sub_group_notify":"sub_notify_email_and_app","message_report_notify":"sub_notify_email_and_app","account_notify":"sub_notify_email_and_app","mod_permissions":"sub_perm_pendingmsg,sub_perm_pendingmembers,sub_perm_invitemembers,sub_perm_removemembers,sub_perm_banmembers,sub_perm_makemoderator,sub_perm_managehashtags,sub_perm_groupsettings,sub_perm_modsub,sub_perm_integrations,sub_perm_editarchives,sub_perm_billing,sub_perm_managesubgroups,sub_perm_viewmembers,sub_perm_managepaidsubscriptions","owner_msg_notify":"sub_ownermsg_notify_subs","chat_notify":"sub_notify_email_and_app","photo_notify":"sub_notify_email_and_app","file_notify":"sub_notify_email_and_app","wiki_notify":"sub_notify_email_and_app","database_notify":"sub_notify_email_and_app","email":"kpaul@linuxfoundation.org","user_status":"user_status_confirmed","user_name":"KennyPaul","timezone":"America/Los_Angeles","full_name":"Kenny Paul","about_me":"\u003cspan style=\"font-weight: bold;\"\u003e\u003cspan style=\"font-size: 10pt; font-family: Verdana, sans-serif; color: black;\"\u003eKenny Paul, \u003cbr /\u003e\u003c/span\u003e\u003c/span\u003e\u003cspan style=\"font-size: 10pt; font-family: Verdana, sans-serif; color: black;\"\u003eDirector, Technical Operations, Linux Foundation Networking\u003c/span\u003e\u003cspan style=\"font-weight: bold;\"\u003e\u003cspan style=\"font-size: 10pt; font-family: Verdana, sans-serif; color: black;\"\u003e\u003cbr /\u003e\u003c/span\u003e\u003c/span\u003e\u003cspan style=\"font-size: 10pt; font-family: Verdana, sans-serif;\"\u003e\u003cspan style=\"color: #000000;\"\u003ePacific Time Zone\u003c/span\u003e\u003c/span\u003e","location":"San Francisco Bay Area","website":"https://lfnetworking.org","profile_photo_url":"https://s3-us-west-1.amazonaws.com/groupsiotestprofilephotos/profilephoto.715880?AWSAccessKeyId=AKIAJECNKOVMCCU3ATNQ\u0026Expires=1722873572\u0026Signature=qdEXQR5g4phkQvswx9JIV5hQ9lo%3D","profile_privacy":"profile_members","dont_munge_message_id":false,"use_signature":false,"use_signature_email":false,"signature":"","cover_photo_url":"","icon_url":"","nice_group_name":"","subs_count":0,"most_recent_message":"0001-01-01T00:00:00Z"}}]
